Site,Timestamp,CarbonDioxide,RelativeHumidity,Temperature
LAR1,3/8/20 00:00,1508,45,25.8
LAR1,3/8/20 00:15,1510,46,25.6
LAR1,3/8/20 00:30,1513,46,25.6
LAR1,3/8/20 00:45,1515,46,25.7
LAR1,3/8/20 01:00,1522,46,25.6
LAR1,3/8/20 01:15,1524,45,25.6
LAR1,3/8/20 01:30,1514,47,25.7
LAR1,3/8/20 01:45,1511,45,25.5
LAR1,3/8/20 02:00,1510,47,25.6
LAR1,3/8/20 03:15,1511,46,25.6
LAR1,3/8/20 03:30,1508,45,25.7
LAR1,3/8/20 03:45,1511,47,25.5
LAR1,3/8/20 04:00,1512,45,25.7
LAR1,3/8/20 04:15,1514,46,25.8
LAR1,3/8/20 04:30,1528,45,25.8
LAR1,3/8/20 04:45,1527,45,25.8
LAR1,3/8/20 05:00,1529,45,25.9
LAR1,3/8/20 05:15,1390,45,26.1
LAR1,3/8/20 05:30,1070,43,26.1
LAR1,3/8/20 05:45,925,43,26.1
LAR1,3/8/20 06:00,861,43,26.3
LAR1,3/8/20 06:15,851,54,22.2
LAR1,3/8/20 06:30,840,58,20.3
LAR1,3/8/20 06:45,839,59,20.5
LAR1,3/8/20 07:00,843,63,21.0
LAR1,3/8/20 07:15,851,67,21.3
LAR1,3/8/20 07:30,853,69,21.2
LAR1,3/8/20 07:45,850,70,21.0
LAR1,3/8/20 08:00,857,70,21.0
LAR1,3/8/20 08:15,1055,73,22.2
LAR1,3/8/20 08:30,1429,73,23.9
LAR1,3/8/20 08:45,1540,71,24.2
LAR1,3/8/20 09:00,1584,70,24.2
LAR1,3/8/20 09:15,1574,65,25.8
LAR1,3/8/20 09:30,1557,50,27.6
LAR1,3/8/20 09:45,1541,45,27.7
LAR1,3/8/20 10:00,1367,42,27.2
LAR1,3/8/20 10:15,1440,47,26.6
LAR1,3/8/20 10:30,1548,43,26.5
LAR1,3/8/20 10:45,1512,45,26.2
LAR1,3/8/20 11:00,1544,43,25.8
LAR1,3/8/20 11:15,1503,43,25.5
LAR1,3/8/20 11:30,1530,46,25.7
LAR1,3/8/20 11:45,1534,43,25.6
LAR1,3/8/20 12:00,1526,46,25.7
LAR1,3/8/20 12:15,1435,45,25.7
LAR1,3/8/20 12:30,1597,47,25.9
LAR1,3/8/20 12:45,1680,45,25.9
LAR1,3/8/20 13:00,1602,47,25.8
LAR1,3/8/20 13:15,1496,47,25.8
LAR1,3/8/20 13:30,1520,47,25.6
LAR1,3/8/20 13:45,1462,47,25.2
LAR1,3/8/20 14:00,1487,48,24.9
LAR1,3/8/20 14:15,1439,49,24.6
LAR1,3/8/20 14:30,1419,47,24.7
LAR1,3/8/20 14:45,1429,49,24.6
LAR1,3/8/20 15:00,1415,48,24.4
LAR1,3/8/20 15:15,1431,48,24.1
LAR1,3/8/20 15:30,1462,50,24.6
LAR1,3/8/20 15:45,1430,49,24.3
LAR1,3/8/20 16:00,1454,50,24.3
LAR1,3/8/20 16:15,1477,50,24.3
LAR1,3/8/20 16:30,1472,49,24.3
LAR1,3/8/20 16:45,1469,50,24.3
LAR1,3/8/20 17:00,1480,50,24.4
LAR1,3/8/20 17:15,1485,50,24.4
LAR1,3/8/20 17:30,1480,50,24.4
LAR1,3/8/20 17:45,1481,50,24.4
LAR1,3/8/20 18:00,1490,50,24.4
LAR1,3/8/20 18:15,1501,50,24.4
LAR1,3/8/20 18:30,1505,50,24.4
LAR1,3/8/20 18:45,1504,50,24.3
LAR1,3/8/20 19:00,1504,50,24.4
LAR1,3/8/20 19:15,1503,50,24.3
LAR1,3/8/20 19:30,1513,50,24.2
LAR1,3/8/20 19:45,1517,50,24.3
LAR1,3/8/20 20:00,1518,50,24.2
LAR1,3/8/20 20:15,1518,50,24.2
LAR1,3/8/20 20:30,1514,50,24.3
LAR1,3/8/20 20:45,1516,50,24.2
LAR1,3/8/20 21:00,1519,50,24.2
LAR1,3/8/20 21:15,1519,50,24.2
LAR1,3/8/20 21:30,1516,50,24.2
LAR1,3/8/20 21:45,1514,50,24.1
LAR1,3/8/20 22:00,1510,50,24.1
LAR1,3/8/20 22:15,1511,50,24.1
LAR1,3/8/20 22:30,1518,50,24.0
LAR1,3/8/20 22:45,1511,50,24.0
LAR1,3/8/20 23:00,1508,50,24.2
LAR1,3/8/20 23:15,1508,50,24.1
LAR1,3/8/20 23:30,1504,50,24.0
LAR1,3/8/20 23:45,1510,50,24.1
LAR1,3/9/20 00:00,1505,50,24.1
LAR1,3/9/20 00:15,1503,50,24.0
LAR1,3/9/20 00:30,1500,50,24.1
LAR1,3/9/20 00:45,1498,50,24.1
LAR1,3/9/20 01:00,1501,50,24.0
LAR1,3/9/20 01:15,1503,50,24.0
LAR1,3/9/20 01:30,1502,50,24.0
LAR1,3/9/20 01:45,1501,50,24.0
LAR1,3/9/20 02:00,1499,50,24.0
LAR1,3/9/20 02:15,1499,50,24.0
LAR1,3/9/20 02:30,1501,51,24.3
LAR1,3/9/20 02:45,1503,50,24.2
LAR1,3/9/20 03:00,1498,52,24.4
LAR1,3/9/20 03:15,1500,50,24.2
LAR1,3/9/20 03:30,1501,51,24.3
LAR1,3/9/20 03:45,1504,50,24.4
LAR1,3/9/20 04:00,1496,50,24.2
LAR1,3/9/20 04:15,1473,52,24.3
LAR1,3/9/20 04:30,1502,50,24.3
LAR1,3/9/20 04:45,1508,50,24.1
LAR1,3/9/20 05:00,1504,51,24.1
LAR1,3/9/20 05:15,1388,57,21.7
LAR1,3/9/20 05:30,1080,60,20.1
LAR1,3/9/20 05:45,935,61,20.5
LAR1,3/9/20 06:00,874,64,20.9
LAR1,3/9/20 06:15,850,67,21.2
LAR1,3/9/20 06:30,841,69,21.2
LAR1,3/9/20 06:45,835,70,21.1
LAR1,3/9/20 07:00,823,70,21.0
LAR1,3/9/20 07:15,821,70,21.0
LAR1,3/9/20 07:30,820,70,21.0
LAR1,3/9/20 07:45,816,70,21.0
LAR1,3/9/20 08:00,820,70,21.0
LAR1,3/9/20 08:15,1041,70,23.4
LAR1,3/9/20 08:30,1401,59,26.4
LAR1,3/9/20 08:45,1467,53,26.7
LAR1,3/9/20 09:00,1486,50,26.3
LAR1,3/9/20 09:15,1531,51,26.0
LAR1,3/9/20 09:30,1529,50,26.0
LAR1,3/9/20 09:45,1547,50,25.5
LAR1,3/9/20 10:00,1547,50,25.1
LAR1,3/9/20 10:15,1535,50,24.7
LAR1,3/9/20 10:30,1528,51,24.6
LAR1,3/9/20 10:45,1522,51,24.6
LAR1,3/9/20 11:00,1506,51,24.6
LAR1,3/9/20 11:15,1501,52,24.6
LAR1,3/9/20 11:30,1481,50,24.6
LAR1,3/9/20 11:45,1463,51,24.4
LAR1,3/9/20 12:00,1490,52,24.4
LAR1,3/9/20 12:15,1485,51,24.4
LAR1,3/9/20 12:30,1480,50,24.3
LAR1,3/9/20 12:45,1476,52,24.5
LAR1,3/9/20 13:00,1473,50,24.5
LAR1,3/9/20 13:15,1474,52,24.2
LAR1,3/9/20 13:30,1485,51,24.5
LAR1,3/9/20 13:45,1489,51,24.2
LAR1,3/9/20 14:00,1489,53,24.4
LAR1,3/9/20 14:15,1487,51,24.4
LAR1,3/9/20 14:30,1480,52,24.5
LAR1,3/9/20 14:45,1467,52,24.4
LAR1,3/9/20 15:00,1448,52,24.4
LAR1,3/9/20 15:15,1464,53,24.4
LAR1,3/9/20 15:30,1490,51,24.5
LAR1,3/9/20 15:45,1473,51,24.3
LAR1,3/9/20 16:00,1381,50,24.7
LAR1,3/9/20 16:15,1483,49,25.0
LAR1,3/9/20 16:30,1327,48,24.8
LAR1,3/9/20 16:45,1310,49,24.5
LAR1,3/9/20 17:00,1528,50,24.3
LAR1,3/9/20 17:15,1578,50,24.2
LAR1,3/9/20 17:30,1556,50,24.1
LAR1,3/9/20 17:45,1566,50,24.1
LAR1,3/9/20 18:00,1560,50,24.2
LAR1,3/9/20 18:15,1552,51,24.3
LAR1,3/9/20 18:30,1543,51,24.8
LAR1,3/9/20 18:45,1545,50,26.1
LAR1,3/9/20 19:00,1714,50,29.3
LAR1,3/9/20 19:15,1570,50,27.2
LAR1,3/9/20 19:30,1494,48,26.5
LAR1,3/9/20 19:45,1480,48,25.7
LAR1,3/9/20 20:00,1488,49,25.6
LAR1,3/9/20 20:15,1496,48,25.3
LAR1,3/9/20 20:30,1493,51,25.2
LAR1,3/9/20 20:45,1493,49,25.3
LAR1,3/9/20 21:00,1489,49,24.8
LAR1,3/9/20 21:15,1502,50,24.5
LAR1,3/9/20 21:30,1503,52,24.5
LAR1,3/9/20 21:45,1500,50,24.8
LAR1,3/9/20 22:00,1498,50,24.4
LAR1,3/9/20 22:15,1504,51,24.3
LAR1,3/9/20 22:30,1508,51,24.6
LAR1,3/9/20 22:45,1505,52,24.7
LAR1,3/9/20 23:00,1501,51,24.6
LAR1,3/9/20 23:15,1508,50,24.8
LAR1,3/9/20 23:30,1505,51,24.8
LAR1,3/9/20 23:45,1500,50,24.6
LAR1,3/10/20 00:00,1496,52,24.7
LAR1,3/10/20 00:15,1487,51,24.7
LAR1,3/10/20 00:30,1479,50,24.7
LAR1,3/10/20 00:45,1479,51,24.7
LAR1,3/10/20 01:00,1492,51,24.7
LAR1,3/10/20 01:15,1502,50,24.7
LAR1,3/10/20 01:30,1520,50,24.4
LAR1,3/10/20 01:45,1527,52,24.5
LAR1,3/10/20 02:00,1512,50,24.4
LAR1,3/10/20 02:15,1506,53,24.2
LAR1,3/10/20 02:30,1504,51,24.5
LAR1,3/10/20 02:45,1497,51,24.6
LAR1,3/10/20 03:00,1498,52,24.5
LAR1,3/10/20 03:15,1495,51,24.6
LAR1,3/10/20 03:30,1499,51,24.7
LAR1,3/10/20 03:45,1506,52,24.8
LAR1,3/10/20 04:00,1478,51,24.7
LAR1,3/10/20 04:15,1517,51,24.7
LAR1,3/10/20 04:30,1526,52,24.8
LAR1,3/10/20 04:45,1525,51,24.8
LAR1,3/10/20 05:00,1527,52,24.8
LAR1,3/10/20 05:15,1413,57,22.1
LAR1,3/10/20 05:30,1105,63,20.3
LAR1,3/10/20 05:45,944,62,20.4
LAR1,3/10/20 06:00,876,64,20.9
LAR1,3/10/20 06:15,852,66,21.1
LAR1,3/10/20 06:30,844,68,21.2
LAR1,3/10/20 06:45,848,69,21.1
LAR1,3/10/20 07:00,859,70,21.1
LAR1,3/10/20 07:15,852,70,21.0
LAR1,3/10/20 07:30,849,70,21.0
LAR1,3/10/20 07:45,850,70,21.0
LAR1,3/10/20 08:00,843,70,21.0
LAR1,3/10/20 08:15,1046,70,23.6
LAR1,3/10/20 08:30,1423,59,26.9
LAR1,3/10/20 08:45,1547,55,26.8
LAR1,3/10/20 09:00,1512,52,26.5
LAR1,3/10/20 09:15,1480,51,26.4
LAR1,3/10/20 09:30,1503,52,26.2
LAR1,3/10/20 09:45,1508,50,25.7
LAR1,3/10/20 10:00,1508,51,25.7
LAR1,3/10/20 10:15,1483,51,25.4
LAR1,3/10/20 10:30,1507,49,25.3
LAR1,3/10/20 10:45,1514,49,24.9
LAR1,3/10/20 11:00,1516,50,24.6
LAR1,3/10/20 11:15,1516,50,24.4
LAR1,3/10/20 11:30,1505,50,24.4
LAR1,3/10/20 11:45,1501,50,24.3
LAR1,3/10/20 12:00,1498,51,24.3
LAR1,3/10/20 12:15,1489,51,24.6
LAR1,3/10/20 12:30,1460,51,24.5
LAR1,3/10/20 12:45,1449,52,24.9
LAR1,3/10/20 13:00,1460,51,24.7
LAR1,3/10/20 13:15,1475,51,24.8
LAR1,3/10/20 13:30,1483,51,24.8
LAR1,3/10/20 13:45,1473,52,24.8
LAR1,3/10/20 14:00,1478,51,24.7
LAR1,3/10/20 14:15,1467,52,24.9
LAR1,3/10/20 14:30,1463,52,24.7
LAR1,3/10/20 14:45,1471,51,24.7
LAR1,3/10/20 15:00,1461,52,24.7
LAR1,3/10/20 15:15,1450,53,24.7
LAR1,3/10/20 15:30,1477,51,24.9
LAR1,3/10/20 15:45,1433,51,24.8
LAR1,3/10/20 16:00,1475,52,24.8
LAR1,3/10/20 16:15,1483,51,24.9
LAR1,3/10/20 16:30,1512,51,24.6
LAR1,3/10/20 16:45,1489,51,24.5
LAR1,3/10/20 17:00,1498,52,24.4
LAR1,3/10/20 17:15,1528,52,24.8
LAR1,3/10/20 17:30,1521,51,24.6
LAR1,3/10/20 17:45,1509,51,24.4
LAR1,3/10/20 18:00,1502,51,24.3
LAR1,3/10/20 18:15,1505,53,24.3
LAR1,3/10/20 18:30,1509,52,24.8
LAR1,3/10/20 18:45,1519,51,24.6
LAR1,3/10/20 19:00,1518,53,24.5
LAR1,3/10/20 19:15,1521,52,24.6
LAR1,3/10/20 19:30,1517,53,24.6
LAR1,3/10/20 19:45,1514,52,24.7
LAR1,3/10/20 20:00,1511,52,24.4
LAR1,3/10/20 20:15,1509,53,24.6
LAR1,3/10/20 20:30,1510,53,24.5
LAR1,3/10/20 20:45,1512,52,24.6
LAR1,3/10/20 21:00,1506,53,24.6
LAR1,3/10/20 21:15,1503,53,24.5
LAR1,3/10/20 21:30,1504,53,24.7
LAR1,3/10/20 21:45,1502,54,24.6
LAR1,3/10/20 22:00,1512,53,24.6
LAR1,3/10/20 22:15,1522,53,24.7
LAR1,3/10/20 22:30,1512,54,24.5
LAR1,3/10/20 22:45,1509,52,24.5
LAR1,3/10/20 23:00,1534,54,24.6
LAR1,3/10/20 23:15,1533,53,24.5
LAR1,3/10/20 23:30,1540,53,24.6
LAR1,3/10/20 23:45,1538,54,24.6
LAR1,3/11/20 00:00,1536,53,24.6
LAR1,3/11/20 00:15,1526,53,24.7
LAR1,3/11/20 00:30,1491,54,24.4
LAR1,3/11/20 00:45,1483,53,24.6
LAR1,3/11/20 01:00,1497,54,24.5
LAR1,3/11/20 01:15,1498,53,24.5
LAR1,3/11/20 01:30,1495,54,24.6
LAR1,3/11/20 01:45,1501,54,24.5
LAR1,3/11/20 02:00,1497,53,24.5
LAR1,3/11/20 02:15,1506,54,24.6
LAR1,3/11/20 02:30,1500,54,24.5
LAR1,3/11/20 02:45,1504,53,24.5
LAR1,3/11/20 03:00,1500,54,24.5
LAR1,3/11/20 03:15,1508,54,24.4
LAR1,3/11/20 03:30,1501,53,24.4
LAR1,3/11/20 03:45,1481,55,24.5
LAR1,3/11/20 04:00,1505,55,24.4
LAR1,3/11/20 04:15,1512,54,24.4
LAR1,3/11/20 04:30,1506,55,24.5
LAR1,3/11/20 04:45,1501,55,24.3
LAR1,3/11/20 05:00,1507,54,24.4
LAR1,3/11/20 05:15,1385,61,21.8
LAR1,3/11/20 05:30,1084,64,20.2
LAR1,3/11/20 05:45,932,64,20.4
LAR1,3/11/20 06:00,860,65,20.8
LAR1,3/11/20 06:15,832,67,21.1
LAR1,3/11/20 06:30,823,68,21.1
LAR1,3/11/20 06:45,817,69,21.1
LAR1,3/11/20 07:00,806,70,21.1
LAR1,3/11/20 07:15,812,70,21.0
LAR1,3/11/20 07:30,817,70,21.0
LAR1,3/11/20 07:45,820,70,21.0
LAR1,3/11/20 08:00,817,70,21.0
LAR1,3/11/20 08:15,1012,70,23.6
LAR1,3/11/20 08:30,1390,62,26.0
LAR1,3/11/20 08:45,1453,57,26.3
LAR1,3/11/20 09:00,1479,55,26.1
LAR1,3/11/20 09:15,1464,55,26.1
LAR1,3/11/20 09:30,1481,54,25.7
LAR1,3/11/20 09:45,1515,55,25.5
LAR1,3/11/20 10:00,1535,54,25.2
LAR1,3/11/20 10:15,1538,55,25.1
LAR1,3/11/20 10:30,1526,54,24.8
LAR1,3/11/20 10:45,1521,55,24.8
LAR1,3/11/20 11:00,1508,54,24.6
LAR1,3/11/20 11:15,1490,55,24.5
LAR1,3/11/20 11:30,1470,54,24.3
LAR1,3/11/20 11:45,1254,53,24.2
LAR1,3/11/20 12:00,1431,53,24.4
LAR1,3/11/20 12:15,1499,54,24.4
LAR1,3/11/20 12:30,1525,54,24.5
LAR1,3/11/20 12:45,1513,54,24.4
LAR1,3/11/20 13:00,1501,54,24.4
LAR1,3/11/20 13:15,1484,53,24.4
LAR1,3/11/20 13:30,1442,53,24.3
LAR1,3/11/20 13:45,1451,54,24.1
LAR1,3/11/20 14:00,1493,54,24.1
LAR1,3/11/20 14:15,1497,54,24.1
LAR1,3/11/20 14:30,1252,58,27.0
LAR1,3/11/20 14:45,1472,53,25.5
LAR1,3/11/20 15:00,1497,54,24.9
LAR1,3/11/20 15:15,1529,54,24.8
LAR1,3/11/20 15:30,1522,55,24.8
LAR1,3/11/20 15:45,1502,57,25.2
LAR1,3/11/20 16:00,1476,57,25.6
LAR1,3/11/20 16:15,1508,57,25.9
LAR1,3/11/20 16:30,1510,56,26.1
LAR1,3/11/20 16:45,1500,57,26.1
LAR1,3/11/20 17:00,1488,56,26.2
LAR1,3/11/20 17:15,1486,56,26.2
LAR1,3/11/20 17:30,1511,59,26.5
LAR1,3/11/20 17:45,1513,60,27.4
LAR1,3/11/20 18:00,1512,57,27.2
LAR1,3/11/20 18:15,1510,57,26.9
LAR1,3/11/20 18:30,1497,56,26.6
LAR1,3/11/20 18:45,1499,56,26.4
LAR1,3/11/20 19:00,1502,56,26.3
LAR1,3/11/20 19:15,1498,56,26.2
LAR1,3/11/20 19:30,1500,56,26.1
LAR1,3/11/20 19:45,1496,56,26.0
LAR1,3/11/20 20:00,1496,56,25.9
LAR1,3/11/20 20:15,1503,56,25.8
LAR1,3/11/20 20:30,1501,56,25.8
LAR1,3/11/20 20:45,1511,56,25.7
LAR1,3/11/20 21:00,1512,56,25.6
LAR1,3/11/20 21:15,1508,56,25.6
LAR1,3/11/20 21:30,1510,57,25.6
LAR1,3/11/20 21:45,1516,57,25.5
LAR1,3/11/20 22:00,1518,57,25.5
LAR1,3/11/20 22:15,1517,57,25.5
LAR1,3/11/20 22:30,1511,57,25.5
LAR1,3/11/20 22:45,1507,57,25.5
LAR1,3/11/20 23:00,1512,57,25.5
LAR1,3/11/20 23:15,1514,57,25.5
LAR1,3/11/20 23:30,1512,57,25.5
LAR1,3/11/20 23:45,1507,57,25.5
LAR1,3/12/20 00:00,1505,57,25.5
LAR1,3/12/20 00:15,1507,57,25.5
LAR1,3/12/20 00:30,1508,57,25.5
LAR1,3/12/20 00:45,1504,57,25.5
LAR1,3/12/20 01:00,1506,57,25.5
LAR1,3/12/20 01:15,1502,57,25.5
LAR1,3/12/20 01:30,1503,57,25.4
LAR1,3/12/20 01:45,1502,57,25.4
LAR1,3/12/20 02:00,1508,57,25.4
LAR1,3/12/20 02:15,1508,57,25.4
LAR1,3/12/20 02:30,1514,57,25.3
LAR1,3/12/20 02:45,1511,56,25.2
LAR1,3/12/20 03:00,1515,57,25.1
LAR1,3/12/20 03:15,1505,57,25.1
LAR1,3/12/20 03:30,1500,57,25.1
LAR1,3/12/20 03:45,1475,57,25.1
LAR1,3/12/20 04:00,1483,57,25.0
LAR1,3/12/20 04:15,1507,57,24.9
LAR1,3/12/20 04:30,1503,57,24.9
LAR1,3/12/20 04:45,1504,57,24.9
LAR1,3/12/20 05:00,1503,57,24.9
LAR1,3/12/20 05:15,1369,62,22.1
LAR1,3/12/20 05:30,1026,66,20.1
LAR1,3/12/20 05:45,884,65,20.3
LAR1,3/12/20 06:00,825,67,20.8
LAR1,3/12/20 06:15,805,67,21.0
LAR1,3/12/20 06:30,807,68,21.1
LAR1,3/12/20 06:45,811,70,21.1
LAR1,3/12/20 07:00,816,69,21.0
LAR1,3/12/20 07:15,816,69,21.0
LAR1,3/12/20 07:30,813,70,21.0
LAR1,3/12/20 07:45,805,70,21.1
LAR1,3/12/20 08:00,797,70,20.9
LAR1,3/12/20 08:15,977,70,23.3
LAR1,3/12/20 08:30,1332,63,25.8
LAR1,3/12/20 08:45,1370,60,26.0
LAR1,3/12/20 09:00,1458,59,26.1
LAR1,3/12/20 09:15,1507,59,26.1
LAR1,3/12/20 09:30,1389,61,27.0
LAR1,3/12/20 09:45,1274,57,26.5
LAR1,3/12/20 10:00,1551,54,25.8
LAR1,3/12/20 10:15,1591,55,25.1
LAR1,3/12/20 10:30,1576,55,24.7
LAR1,3/12/20 10:45,1552,56,24.5
LAR1,3/12/20 11:00,1545,56,24.4
LAR1,3/12/20 11:15,1538,56,24.3
LAR1,3/12/20 11:30,1527,56,24.1
LAR1,3/12/20 11:45,1512,56,24.1
LAR1,3/12/20 12:00,1491,56,24.1
LAR1,3/12/20 12:15,1486,56,24.1
LAR1,3/12/20 12:30,1489,57,24.1
LAR1,3/12/20 12:45,1483,57,24.3
LAR1,3/12/20 13:00,1481,57,24.4
LAR1,3/12/20 13:15,1465,57,24.4
LAR1,3/12/20 13:30,1453,58,24.4
LAR1,3/12/20 13:45,1475,58,24.3
LAR1,3/12/20 14:00,1494,57,24.4
LAR1,3/12/20 14:15,1504,57,24.4
LAR1,3/12/20 14:30,1499,58,24.3
LAR1,3/12/20 14:45,1501,58,24.3
LAR1,3/12/20 15:00,1493,58,24.4
LAR1,3/12/20 15:15,1493,57,24.2
LAR1,3/12/20 15:30,1493,57,24.0
LAR1,3/12/20 15:45,1495,58,24.2
LAR1,3/12/20 16:00,1488,58,24.3
LAR1,3/12/20 16:15,1464,59,24.6
LAR1,3/12/20 16:30,1352,57,25.1
LAR1,3/12/20 16:45,1248,55,25.6
LAR1,3/12/20 17:00,1525,56,25.6
LAR1,3/12/20 17:15,1577,56,25.6
LAR1,3/12/20 17:30,1571,56,25.6
LAR1,3/12/20 17:45,1556,56,25.7
LAR1,3/12/20 18:00,1547,57,25.8
LAR1,3/12/20 18:15,1546,56,26.0
LAR1,3/12/20 18:30,1541,55,25.7
LAR1,3/12/20 18:45,1530,55,25.6
LAR1,3/12/20 19:00,1525,55,25.7
LAR1,3/12/20 19:15,1520,56,25.7
LAR1,3/12/20 19:30,1515,56,25.5
LAR1,3/12/20 19:45,1512,55,25.5
LAR1,3/12/20 20:00,1507,56,25.6
LAR1,3/12/20 20:15,1504,56,25.5
LAR1,3/12/20 20:30,1515,56,25.5
LAR1,3/12/20 20:45,1510,55,25.6
LAR1,3/12/20 21:00,1505,56,25.6
LAR1,3/12/20 21:15,1508,56,25.6
LAR1,3/12/20 21:30,1514,55,25.6
LAR1,3/12/20 21:45,1513,56,25.6
LAR1,3/12/20 22:00,1512,56,25.6
LAR1,3/12/20 22:15,1507,56,25.5
LAR1,3/12/20 22:30,1506,56,25.6
LAR1,3/12/20 22:45,1507,56,25.6
LAR1,3/12/20 23:00,1510,56,25.5
LAR1,3/12/20 23:15,1508,56,25.5
LAR1,3/12/20 23:30,1512,56,25.5
LAR1,3/12/20 23:45,1514,56,25.5
LAR1,3/13/20 00:00,1516,56,25.5
LAR1,3/13/20 00:15,1512,56,25.5
LAR1,3/13/20 00:30,1513,56,25.5
LAR1,3/13/20 00:45,1510,56,25.5
LAR1,3/13/20 01:00,1510,56,25.5
LAR1,3/13/20 01:15,1510,55,25.5
LAR1,3/13/20 01:30,1514,56,25.5
LAR1,3/13/20 01:45,1522,56,25.5
LAR1,3/13/20 02:00,1517,56,25.4
LAR1,3/13/20 02:15,1512,56,25.4
LAR1,3/13/20 02:30,1511,56,25.5
LAR1,3/13/20 02:45,1505,56,25.5
LAR1,3/13/20 03:00,1501,55,25.5
LAR1,3/13/20 03:15,1497,56,25.5
LAR1,3/13/20 03:30,1497,56,25.5
LAR1,3/13/20 03:45,1499,55,25.5
LAR1,3/13/20 04:00,1497,56,25.6
LAR1,3/13/20 04:15,1496,56,25.6
LAR1,3/13/20 04:30,1493,55,25.6
LAR1,3/13/20 04:45,1493,56,25.6
LAR1,3/13/20 05:00,1496,56,25.5
LAR1,3/13/20 05:15,1400,62,22.1
LAR1,3/13/20 05:30,1116,67,20.2
LAR1,3/13/20 05:45,972,66,20.3
LAR1,3/13/20 06:00,902,66,20.7
LAR1,3/13/20 06:15,880,67,21.0
LAR1,3/13/20 06:30,875,68,21.1
LAR1,3/13/20 06:45,867,69,21.1
LAR1,3/13/20 07:00,864,70,21.1
LAR1,3/13/20 07:15,858,70,21.0
LAR1,3/13/20 07:30,859,70,21.0
LAR1,3/13/20 07:45,855,70,21.0
LAR1,3/13/20 08:00,857,70,21.0
LAR1,3/13/20 08:15,1013,69,23.5
LAR1,3/13/20 08:30,1389,63,26.2
LAR1,3/13/20 08:45,1485,59,26.7
LAR1,3/13/20 09:00,1410,56,26.8
LAR1,3/13/20 09:15,1407,57,26.5
LAR1,3/13/20 09:30,1477,56,26.2
LAR1,3/13/20 09:45,1536,56,25.9
LAR1,3/13/20 10:00,1535,56,25.6
LAR1,3/13/20 10:15,1526,56,25.3
LAR1,3/13/20 10:30,1518,56,25.1
LAR1,3/13/20 10:45,1510,56,24.8
LAR1,3/13/20 11:00,1512,57,24.8
LAR1,3/13/20 11:15,1518,57,25.0
LAR1,3/13/20 11:30,1509,57,25.0
LAR1,3/13/20 11:45,1508,57,25.0
LAR1,3/13/20 12:00,1505,58,25.1
LAR1,3/13/20 12:15,1501,57,25.1
LAR1,3/13/20 12:30,1494,57,24.9
LAR1,3/13/20 12:45,1487,56,24.7
LAR1,3/13/20 13:00,1465,56,24.5
LAR1,3/13/20 13:15,1463,58,24.6
LAR1,3/13/20 13:30,1477,57,24.7
LAR1,3/13/20 13:45,1487,57,24.7
LAR1,3/13/20 14:00,1489,57,24.7
LAR1,3/13/20 14:15,1494,57,24.6
LAR1,3/13/20 14:30,1492,57,24.6
LAR1,3/13/20 14:45,1469,57,24.6
LAR1,3/13/20 15:00,1479,57,24.6
LAR1,3/13/20 15:15,1487,57,24.6
LAR1,3/13/20 15:30,1465,58,24.6
LAR1,3/13/20 15:45,1473,58,24.9
LAR1,3/13/20 16:00,1505,57,24.7
LAR1,3/13/20 16:15,1460,59,25.8
LAR1,3/13/20 16:30,1571,59,28.6
LAR1,3/13/20 16:45,1503,56,27.2
LAR1,3/13/20 17:00,1470,56,26.1
LAR1,3/13/20 17:15,1476,57,25.8
LAR1,3/13/20 17:30,1483,58,25.7
LAR1,3/13/20 17:45,1486,58,25.6
LAR1,3/13/20 18:00,1492,58,25.7
LAR1,3/13/20 18:15,1501,58,25.7
LAR1,3/13/20 18:30,1502,58,25.8
LAR1,3/13/20 18:45,1496,58,25.9
LAR1,3/13/20 19:00,1502,58,25.9
LAR1,3/13/20 19:15,1507,58,25.9
LAR1,3/13/20 19:30,1506,58,25.9
LAR1,3/13/20 19:45,1504,58,25.8
LAR1,3/13/20 20:00,1506,58,25.8
LAR1,3/13/20 20:15,1509,58,25.8
LAR1,3/13/20 20:30,1506,58,25.8
LAR1,3/13/20 20:45,1506,58,25.8
LAR1,3/13/20 21:00,1506,58,25.8
LAR1,3/13/20 21:15,1511,58,25.8
LAR1,3/13/20 21:30,1510,58,25.8
LAR1,3/13/20 21:45,1512,58,25.8
LAR1,3/13/20 22:00,1510,58,25.8
LAR1,3/13/20 22:15,1518,58,25.8
LAR1,3/13/20 22:30,1511,58,25.7
LAR1,3/13/20 22:45,1510,58,25.7
LAR1,3/13/20 23:00,1508,58,25.7
LAR1,3/13/20 23:15,1512,58,25.7
LAR1,3/13/20 23:30,1507,58,25.7
LAR1,3/13/20 23:45,1510,57,25.7
LAR1,3/14/20 00:00,1509,57,25.7
LAR1,3/14/20 00:15,1509,57,25.7
LAR1,3/14/20 00:30,1511,57,25.8
LAR1,3/14/20 00:45,1511,57,25.7
LAR1,3/14/20 01:00,1509,57,25.7
LAR1,3/14/20 01:15,1510,57,25.7
LAR1,3/14/20 01:30,1511,57,25.7
LAR1,3/14/20 01:45,1511,57,25.7
LAR1,3/14/20 02:00,1506,57,25.7
LAR1,3/14/20 02:15,1508,57,25.6
LAR1,3/14/20 02:30,1507,57,25.6
LAR1,3/14/20 02:45,1504,57,25.4
LAR1,3/14/20 03:00,1501,57,25.4
LAR1,3/14/20 03:15,1505,57,25.4
LAR1,3/14/20 03:30,1500,57,25.3
LAR1,3/14/20 03:45,1506,57,25.4
LAR1,3/14/20 04:00,1499,57,25.4
LAR1,3/14/20 04:15,1498,57,25.4
LAR1,3/14/20 04:30,1503,57,25.4
LAR1,3/14/20 04:45,1504,57,25.4
LAR1,3/14/20 05:00,1503,57,25.4
LAR1,3/14/20 05:15,1393,64,22.1
LAR1,3/14/20 05:30,1123,66,20.2
LAR1,3/14/20 05:45,980,67,20.4
LAR1,3/14/20 06:00,923,65,20.6
LAR1,3/14/20 06:15,898,66,20.9
LAR1,3/14/20 06:30,883,68,21.1
LAR1,3/14/20 06:45,883,69,21.1
LAR1,3/14/20 07:00,879,69,21.1
LAR1,3/14/20 07:15,879,69,21.0
LAR1,3/14/20 07:30,880,70,21.0
LAR1,3/14/20 07:45,878,70,21.0
LAR1,3/14/20 08:00,875,70,21.0
LAR1,3/14/20 08:15,1062,69,23.4
LAR1,3/14/20 08:30,1408,63,26.1
LAR1,3/14/20 08:45,1490,60,26.4
LAR1,3/14/20 09:00,1493,58,26.5
LAR1,3/14/20 09:15,1496,57,26.4
LAR1,3/14/20 09:30,1499,57,26.1
LAR1,3/14/20 09:45,1503,56,25.9
LAR1,3/14/20 10:00,1456,56,25.4
LAR1,3/14/20 10:15,1478,58,25.1
LAR1,3/14/20 10:30,1509,58,24.9
LAR1,3/14/20 10:45,1511,58,24.8
LAR1,3/14/20 11:00,1522,58,24.7
LAR1,3/14/20 11:15,1519,58,24.7
LAR1,3/14/20 11:30,1516,58,24.7
LAR1,3/14/20 11:45,1512,58,24.7
LAR1,3/14/20 12:00,1510,58,24.6
LAR1,3/14/20 12:15,1501,58,24.5
LAR1,3/14/20 12:30,1505,59,24.5
LAR1,3/14/20 12:45,1505,59,24.4
LAR1,3/14/20 13:00,1497,59,24.5
LAR1,3/14/20 13:15,1488,59,24.5
LAR1,3/14/20 13:30,1486,58,24.5
LAR1,3/14/20 13:45,1494,58,24.5
LAR1,3/14/20 14:00,1494,58,24.5
LAR1,3/14/20 14:15,1486,59,24.5
LAR1,3/14/20 14:30,1489,59,24.5
LAR1,3/14/20 14:45,1469,59,24.5
LAR1,3/14/20 15:00,1466,59,24.6
LAR1,3/14/20 15:15,1486,59,24.5
LAR1,3/14/20 15:30,1502,58,24.5
LAR1,3/14/20 15:45,1502,59,24.6
LAR1,3/14/20 16:00,1439,58,24.5
LAR1,3/14/20 16:15,1400,57,24.2
LAR1,3/14/20 16:30,1401,58,24.2
LAR1,3/14/20 16:45,1500,58,24.2
LAR1,3/14/20 17:00,1522,58,24.1
LAR1,3/14/20 17:15,1527,58,24.1
LAR1,3/14/20 17:30,1527,58,24.1
LAR1,3/14/20 17:45,1525,59,24.1
LAR1,3/14/20 18:00,1517,59,24.3
LAR1,3/14/20 18:15,1510,59,24.5
LAR1,3/14/20 18:30,1507,58,24.3
LAR1,3/14/20 18:45,1505,58,24.2
LAR1,3/14/20 19:00,1505,58,24.3
LAR1,3/14/20 19:15,1498,58,24.3
LAR1,3/14/20 19:30,1501,58,24.4
LAR1,3/14/20 19:45,1503,58,24.3
LAR1,3/14/20 20:00,1497,58,24.3
LAR1,3/14/20 20:15,1496,58,24.3
LAR1,3/14/20 20:30,1498,58,24.3
LAR1,3/14/20 20:45,1495,58,24.3
LAR1,3/14/20 21:00,1501,58,24.4
LAR1,3/14/20 21:15,1513,58,24.4
LAR1,3/14/20 21:30,1511,58,24.4
LAR1,3/14/20 21:45,1512,58,24.4
LAR1,3/14/20 22:00,1514,58,24.4
LAR1,3/14/20 22:15,1515,58,24.4
LAR1,3/14/20 22:30,1512,58,24.4
LAR1,3/14/20 22:45,1506,58,24.4
LAR1,3/14/20 23:00,1511,57,24.4
LAR1,3/14/20 23:15,1514,58,24.4
LAR1,3/14/20 23:30,1511,57,24.4
LAR1,3/14/20 23:45,1508,57,24.4
LAR1,3/15/20 00:00,1510,57,24.4
LAR1,3/15/20 00:15,1501,57,24.4
LAR1,3/15/20 00:30,1508,57,24.3
LAR1,3/15/20 00:45,1504,57,24.3
LAR1,3/15/20 01:00,1504,57,24.3
LAR1,3/15/20 01:15,1508,57,24.2
LAR1,3/15/20 01:30,1508,57,24.2
LAR1,3/15/20 01:45,1503,57,24.2
LAR1,3/15/20 02:00,1496,57,24.2
LAR1,3/15/20 02:15,1501,57,24.1
LAR1,3/15/20 02:30,1504,57,24.0
LAR1,3/15/20 02:45,1502,58,24.1
LAR1,3/15/20 03:00,1508,57,24.4
LAR1,3/15/20 03:15,1510,57,24.3
LAR1,3/15/20 03:30,1499,57,24.1
LAR1,3/15/20 03:45,1500,57,24.0
LAR1,3/15/20 04:00,1496,57,24.0
LAR1,3/15/20 04:15,1500,57,24.0
LAR1,3/15/20 04:30,1497,57,24.0
LAR1,3/15/20 04:45,1504,57,24.0
LAR1,3/15/20 05:00,1508,57,24.0
LAR1,3/15/20 05:15,1404,65,21.5
LAR1,3/15/20 05:30,1125,67,20.1
LAR1,3/15/20 05:45,982,67,20.3
LAR1,3/15/20 06:00,940,66,20.7
LAR1,3/15/20 06:15,912,66,20.9
LAR1,3/15/20 06:30,898,67,21.1
LAR1,3/15/20 06:45,895,68,21.2
LAR1,3/15/20 07:00,900,69,21.2
LAR1,3/15/20 07:15,886,69,21.1
LAR1,3/15/20 07:30,885,70,21.1
LAR1,3/15/20 07:45,887,70,21.0
LAR1,3/15/20 08:00,890,70,21.0
LAR1,3/15/20 08:15,1066,68,23.5
LAR1,3/15/20 08:30,1406,67,26.7
LAR1,3/15/20 08:45,1496,60,27.0
LAR1,3/15/20 09:00,1495,57,26.7
LAR1,3/15/20 09:15,1496,57,26.2
LAR1,3/15/20 09:30,1499,58,26.0
LAR1,3/15/20 09:45,1485,56,25.5
LAR1,3/15/20 10:00,1479,57,25.2
LAR1,3/15/20 10:15,1503,58,25.1
LAR1,3/15/20 10:30,1505,57,24.9
LAR1,3/15/20 10:45,1508,58,24.7
LAR1,3/15/20 11:00,1513,57,24.6
LAR1,3/15/20 11:15,1508,57,24.3
LAR1,3/15/20 11:30,1510,58,24.5
LAR1,3/15/20 11:45,1505,56,24.3
LAR1,3/15/20 12:00,1498,58,24.3
LAR1,3/15/20 12:15,1504,57,24.3
LAR1,3/15/20 12:30,1499,58,24.3
LAR1,3/15/20 12:45,1499,58,24.3
LAR1,3/15/20 13:00,1498,58,24.4
LAR1,3/15/20 13:15,1486,58,24.4
LAR1,3/15/20 13:30,1468,57,24.6
LAR1,3/15/20 13:45,1464,59,24.5
LAR1,3/15/20 14:00,1496,61,24.1
LAR1,3/15/20 14:15,1478,61,24.2
LAR1,3/15/20 14:30,1482,61,24.1
LAR1,3/15/20 14:45,1456,60,24.2
LAR1,3/15/20 15:00,1479,61,24.2
LAR1,3/15/20 15:15,1484,61,24.2
LAR1,3/15/20 15:30,1482,61,24.1
LAR1,3/15/20 15:45,1463,60,24.1
LAR1,3/15/20 16:00,1484,59,24.0
LAR1,3/15/20 16:15,1465,61,24.1
LAR1,3/15/20 16:30,1461,60,24.2
LAR1,3/15/20 16:45,1477,60,24.0
LAR1,3/15/20 17:00,1481,59,24.0
LAR1,3/15/20 17:15,1491,59,24.0
LAR1,3/15/20 17:30,1500,59,24.0
LAR1,3/15/20 17:45,1508,59,24.0
LAR1,3/15/20 18:00,1509,59,24.0
LAR1,3/15/20 18:15,1479,59,24.0
LAR1,3/15/20 18:30,1494,60,24.1
LAR1,3/15/20 18:45,1510,60,24.2
LAR1,3/15/20 19:00,1509,60,24.2
LAR1,3/15/20 19:15,1508,59,24.0
LAR1,3/15/20 19:30,1509,59,24.0
LAR1,3/15/20 19:45,1502,59,24.0
LAR1,3/15/20 20:00,1505,59,24.0
LAR1,3/15/20 20:15,1506,60,24.0
LAR1,3/15/20 20:30,1505,60,24.0
LAR1,3/15/20 20:45,1504,60,24.0
LAR1,3/15/20 21:00,1506,60,24.0
LAR1,3/15/20 21:15,1504,60,24.0
LAR1,3/15/20 21:30,1506,60,24.0
LAR1,3/15/20 21:45,1497,60,24.0
LAR1,3/15/20 22:00,1502,60,24.0
LAR1,3/15/20 22:15,1503,60,24.0
LAR1,3/15/20 22:30,1506,60,24.1
LAR1,3/15/20 22:45,1510,60,24.0
LAR1,3/15/20 23:00,1516,60,24.1
LAR1,3/15/20 23:15,1517,60,24.0
LAR1,3/15/20 23:30,1513,60,24.0
LAR1,3/15/20 23:45,1516,60,24.0
LAR1,3/16/20 00:00,1515,60,24.0
LAR1,3/16/20 00:15,1515,60,24.0
LAR1,3/16/20 00:30,1517,60,24.0
LAR1,3/16/20 00:45,1516,60,24.0
LAR1,3/16/20 01:00,1509,60,24.0
LAR1,3/16/20 01:15,1512,60,24.0
LAR1,3/16/20 01:30,1515,60,24.0
LAR1,3/16/20 01:45,1511,60,24.0
LAR1,3/16/20 02:00,1506,60,24.0
LAR1,3/16/20 02:15,1504,60,24.0
LAR1,3/16/20 02:30,1507,59,24.0
LAR1,3/16/20 02:45,1511,59,24.0
LAR1,3/16/20 03:00,1511,59,24.0
LAR1,3/16/20 03:15,1499,59,24.0
LAR1,3/16/20 03:30,1498,59,24.0
LAR1,3/16/20 03:45,1498,59,24.0
LAR1,3/16/20 04:00,1472,59,24.0
LAR1,3/16/20 04:15,1503,59,24.0
LAR1,3/16/20 04:30,1507,60,24.0
LAR1,3/16/20 04:45,1511,60,24.3
LAR1,3/16/20 05:00,1511,60,24.0
LAR1,3/16/20 05:15,1407,67,21.2
LAR1,3/16/20 05:30,1135,70,20.1
LAR1,3/16/20 05:45,990,69,20.3
LAR1,3/16/20 06:00,935,68,20.6
LAR1,3/16/20 06:15,909,67,20.7
LAR1,3/16/20 06:30,906,67,20.9
LAR1,3/16/20 06:45,896,68,21.1
LAR1,3/16/20 07:00,897,68,21.2
LAR1,3/16/20 07:15,899,69,21.1
LAR1,3/16/20 07:30,900,70,21.1
LAR1,3/16/20 07:45,895,69,21.0
LAR1,3/16/20 08:00,894,70,21.0
LAR1,3/16/20 08:15,1026,67,23.5
LAR1,3/16/20 08:30,1402,66,26.3
LAR1,3/16/20 08:45,1495,62,26.6
LAR1,3/16/20 09:00,1495,61,26.4
LAR1,3/16/20 09:15,1497,60,26.0
LAR1,3/16/20 09:30,1398,59,25.4
LAR1,3/16/20 09:45,1444,61,25.1
LAR1,3/16/20 10:00,1533,60,25.0
LAR1,3/16/20 10:15,1505,62,24.9
LAR1,3/16/20 10:30,1524,61,24.6
LAR1,3/16/20 10:45,1519,61,24.5
LAR1,3/16/20 11:00,1510,62,24.5
LAR1,3/16/20 11:15,1499,62,24.5
LAR1,3/16/20 11:30,1504,61,24.4
LAR1,3/16/20 11:45,1506,61,24.4
LAR1,3/16/20 12:00,1499,62,24.3
LAR1,3/16/20 12:15,1482,62,24.3
LAR1,3/16/20 12:30,1476,61,24.3
LAR1,3/16/20 12:45,1472,62,24.3
LAR1,3/16/20 13:00,1490,62,24.2
LAR1,3/16/20 13:15,1494,62,24.1
LAR1,3/16/20 13:30,1485,62,24.2
LAR1,3/16/20 13:45,1453,62,24.2
LAR1,3/16/20 14:00,1476,62,24.1
LAR1,3/16/20 14:15,1473,61,24.1
LAR1,3/16/20 14:30,1444,62,24.1
LAR1,3/16/20 14:45,1428,61,24.2
LAR1,3/16/20 15:00,1425,61,24.4
LAR1,3/16/20 15:15,1579,64,23.9
LAR1,3/16/20 15:30,1310,65,24.2
LAR1,3/16/20 15:45,1448,67,24.5
LAR1,3/16/20 16:00,1546,67,24.8
LAR1,3/16/20 16:15,1551,66,24.9
LAR1,3/16/20 16:30,1499,66,24.7
LAR1,3/16/20 16:45,1262,66,24.3
LAR1,3/16/20 17:00,1469,67,24.6
LAR1,3/16/20 17:15,1593,66,24.7
LAR1,3/16/20 17:30,1592,66,24.7
LAR1,3/16/20 17:45,1576,65,24.6
LAR1,3/16/20 18:00,1567,66,24.4
LAR1,3/16/20 18:15,1549,67,24.6
LAR1,3/16/20 18:30,1539,66,24.7
LAR1,3/16/20 18:45,1527,66,24.6
LAR1,3/16/20 19:00,1522,67,24.7
LAR1,3/16/20 19:15,1520,66,24.8
LAR1,3/16/20 19:30,1515,66,24.8
LAR1,3/16/20 19:45,1508,66,24.6
LAR1,3/16/20 20:00,1505,66,24.5
LAR1,3/16/20 20:15,1500,66,24.7
LAR1,3/16/20 20:30,1502,66,24.8
LAR1,3/16/20 20:45,1505,65,24.9
LAR1,3/16/20 21:00,1503,65,24.7
LAR1,3/16/20 21:15,1499,65,24.6
LAR1,3/16/20 21:30,1501,65,24.5
LAR1,3/16/20 21:45,1500,65,24.6
LAR1,3/16/20 22:00,1497,66,24.9
LAR1,3/16/20 22:15,1501,66,25.0
LAR1,3/16/20 22:30,1496,65,24.9
LAR1,3/16/20 22:45,1498,65,24.7
LAR1,3/16/20 23:00,1496,64,24.6
LAR1,3/16/20 23:15,1504,64,24.5
LAR1,3/16/20 23:30,1505,65,24.5
LAR1,3/16/20 23:45,1504,66,24.8
LAR1,3/17/20 00:00,1498,66,25.2
LAR1,3/17/20 00:15,1500,65,25.1
LAR1,3/17/20 00:30,1496,64,25.1
LAR1,3/17/20 00:45,1499,64,24.9
LAR1,3/17/20 01:00,1502,64,24.8
LAR1,3/17/20 01:15,1505,64,24.6
LAR1,3/17/20 01:30,1506,64,24.5
LAR1,3/17/20 01:45,1506,64,24.5
LAR1,3/17/20 02:00,1510,66,24.8
LAR1,3/17/20 02:15,1512,66,25.1
LAR1,3/17/20 02:30,1519,65,25.0
LAR1,3/17/20 02:45,1513,64,24.9
LAR1,3/17/20 03:00,1510,64,24.8
LAR1,3/17/20 03:15,1510,65,24.7
LAR1,3/17/20 03:30,1506,64,24.6
LAR1,3/17/20 03:45,1506,64,24.4
LAR1,3/17/20 04:00,1476,65,24.4
LAR1,3/17/20 04:15,1502,66,24.9
LAR1,3/17/20 04:30,1518,66,25.3
LAR1,3/17/20 04:45,1520,65,25.2
LAR1,3/17/20 05:00,1515,64,25.1
LAR1,3/17/20 05:15,1406,71,21.7
LAR1,3/17/20 05:30,1142,75,20.0
LAR1,3/17/20 05:45,984,73,20.3
LAR1,3/17/20 06:00,929,70,20.4
LAR1,3/17/20 06:15,906,70,20.7
LAR1,3/17/20 06:30,899,70,21.0
LAR1,3/17/20 06:45,895,68,20.9
LAR1,3/17/20 07:00,895,69,20.9
LAR1,3/17/20 07:15,888,69,21.1
LAR1,3/17/20 07:30,877,68,21.0
LAR1,3/17/20 07:45,870,70,21.1
LAR1,3/17/20 08:00,877,69,21.0
LAR1,3/17/20 08:15,1054,66,23.3
LAR1,3/17/20 08:30,1358,65,26.0
LAR1,3/17/20 08:45,1476,65,26.0
LAR1,3/17/20 09:00,1458,65,25.7
LAR1,3/17/20 09:15,1463,65,25.4
LAR1,3/17/20 09:30,1521,65,25.2
LAR1,3/17/20 09:45,1521,65,25.0
LAR1,3/17/20 10:00,1516,65,24.8
LAR1,3/17/20 10:15,1519,65,24.7
LAR1,3/17/20 10:30,1518,65,24.5
LAR1,3/17/20 10:45,1515,66,24.5
LAR1,3/17/20 11:00,1497,66,25.0
LAR1,3/17/20 11:15,1515,66,25.0
LAR1,3/17/20 11:30,1522,65,24.9
LAR1,3/17/20 11:45,1504,65,24.7
LAR1,3/17/20 12:00,1493,65,24.6
LAR1,3/17/20 12:15,1503,66,24.5
LAR1,3/17/20 12:30,1498,67,24.7
LAR1,3/17/20 12:45,1490,66,24.7
LAR1,3/17/20 13:00,1490,66,24.6
LAR1,3/17/20 13:15,1497,66,24.5
LAR1,3/17/20 13:30,1487,67,24.6
LAR1,3/17/20 13:45,1469,66,24.7
LAR1,3/17/20 14:00,1446,66,24.6
LAR1,3/17/20 14:15,1426,66,24.6
LAR1,3/17/20 14:30,1451,67,24.8
LAR1,3/17/20 14:45,1464,66,24.8
LAR1,3/17/20 15:00,1452,66,24.7
LAR1,3/17/20 15:15,1465,66,24.5
LAR1,3/17/20 15:30,1436,65,24.4
LAR1,3/17/20 15:45,1447,67,24.6
LAR1,3/17/20 16:00,1497,68,25.0
LAR1,3/17/20 16:15,1498,66,25.1
LAR1,3/17/20 16:30,1460,66,25.0
LAR1,3/17/20 16:45,1504,66,24.9
LAR1,3/17/20 17:00,1516,66,24.7
LAR1,3/17/20 17:15,1507,66,24.6
LAR1,3/17/20 17:30,1445,65,24.4
LAR1,3/17/20 17:45,1496,66,24.5
LAR1,3/17/20 18:00,1517,66,24.7
LAR1,3/17/20 18:15,1516,66,24.6
LAR1,3/17/20 18:30,1512,66,24.6
LAR1,3/17/20 18:45,1504,66,24.5
LAR1,3/17/20 19:00,1509,67,24.7
LAR1,3/17/20 19:15,1511,66,24.8
LAR1,3/17/20 19:30,1511,65,24.8
LAR1,3/17/20 19:45,1499,65,24.8
LAR1,3/17/20 20:00,1497,65,24.7
LAR1,3/17/20 20:15,1500,65,24.5
LAR1,3/17/20 20:30,1492,65,24.5
LAR1,3/17/20 20:45,1489,66,24.7
LAR1,3/17/20 21:00,1499,66,25.0
LAR1,3/17/20 21:15,1501,65,25.0
LAR1,3/17/20 21:30,1498,65,24.8
LAR1,3/17/20 21:45,1512,65,24.7
LAR1,3/17/20 22:00,1517,64,24.6
LAR1,3/17/20 22:15,1516,64,24.6
LAR1,3/17/20 22:30,1510,65,24.4
LAR1,3/17/20 22:45,1508,66,24.7
LAR1,3/17/20 23:00,1507,66,25.0
LAR1,3/17/20 23:15,1514,65,25.1
LAR1,3/17/20 23:30,1518,65,25.0
LAR1,3/17/20 23:45,1519,64,24.8
LAR1,3/18/20 00:00,1513,64,24.7
LAR1,3/18/20 00:15,1506,64,24.6
LAR1,3/18/20 00:30,1500,64,24.5
LAR1,3/18/20 00:45,1497,64,24.5
LAR1,3/18/20 01:00,1488,66,24.7
LAR1,3/18/20 01:15,1494,66,25.1
LAR1,3/18/20 01:30,1502,65,25.2
LAR1,3/18/20 01:45,1508,64,25.1
LAR1,3/18/20 02:00,1522,64,25.0
LAR1,3/18/20 02:15,1523,64,24.8
LAR1,3/18/20 02:30,1516,64,24.7
LAR1,3/18/20 02:45,1506,64,24.6
LAR1,3/18/20 03:00,1495,63,24.4
LAR1,3/18/20 03:15,1507,64,24.4
LAR1,3/18/20 03:30,1516,66,24.7
LAR1,3/18/20 03:45,1518,66,25.2
LAR1,3/18/20 04:00,1519,66,25.2
LAR1,3/18/20 04:15,1513,64,25.2
LAR1,3/18/20 04:30,1525,64,25.0
LAR1,3/18/20 04:45,1508,64,24.8
LAR1,3/18/20 05:00,1503,64,24.7
LAR1,3/18/20 05:15,1446,72,21.8
LAR1,3/18/20 05:30,1160,74,20.1
LAR1,3/18/20 05:45,1004,71,20.2
LAR1,3/18/20 06:00,953,71,20.6
LAR1,3/18/20 06:15,924,68,20.7
LAR1,3/18/20 06:30,922,68,20.9
LAR1,3/18/20 06:45,917,69,20.9
LAR1,3/18/20 07:00,910,68,21.0
LAR1,3/18/20 07:15,891,69,21.1
LAR1,3/18/20 07:30,880,69,21.0
LAR1,3/18/20 07:45,884,70,21.1
LAR1,3/18/20 08:00,887,70,21.0
LAR1,3/18/20 08:15,1065,66,23.3
LAR1,3/18/20 08:30,1396,65,25.9
LAR1,3/18/20 08:45,1406,65,25.8
LAR1,3/18/20 09:00,1459,65,25.5
LAR1,3/18/20 09:15,1501,65,25.2
LAR1,3/18/20 09:30,1520,65,25.1
LAR1,3/18/20 09:45,1524,65,24.8
LAR1,3/18/20 10:00,1532,65,24.7
LAR1,3/18/20 10:15,1535,65,24.5
LAR1,3/18/20 10:30,1521,66,24.5
LAR1,3/18/20 10:45,1523,66,24.8
LAR1,3/18/20 11:00,1516,66,24.8
LAR1,3/18/20 11:15,1512,65,24.6
LAR1,3/18/20 11:30,1492,66,24.5
LAR1,3/18/20 11:45,1472,67,24.7
LAR1,3/18/20 12:00,1462,66,24.8
LAR1,3/18/20 12:15,1452,66,24.7
LAR1,3/18/20 12:30,1453,67,24.5
LAR1,3/18/20 12:45,1457,67,24.7
LAR1,3/18/20 13:00,1459,67,24.7
LAR1,3/18/20 13:15,1451,67,24.6
LAR1,3/18/20 13:30,1447,66,24.4
LAR1,3/18/20 13:45,1434,68,24.4
LAR1,3/18/20 14:00,1390,68,24.6
LAR1,3/18/20 14:15,1437,67,24.9
LAR1,3/18/20 14:30,1464,67,24.8
LAR1,3/18/20 14:45,1495,66,24.7
LAR1,3/18/20 15:00,1492,66,24.5
LAR1,3/18/20 15:15,1394,66,24.5
LAR1,3/18/20 15:30,1440,67,24.7
LAR1,3/18/20 15:45,1518,66,24.6
LAR1,3/18/20 16:00,1537,67,24.4
LAR1,3/18/20 16:15,1548,68,24.7
LAR1,3/18/20 16:30,1537,66,24.7
LAR1,3/18/20 16:45,1524,66,24.7
LAR1,3/18/20 17:00,1505,66,24.6
LAR1,3/18/20 17:15,1505,66,24.5
LAR1,3/18/20 17:30,1505,67,24.6
LAR1,3/18/20 17:45,1499,66,24.7
LAR1,3/18/20 18:00,1492,65,24.7
LAR1,3/18/20 18:15,1501,66,24.6
LAR1,3/18/20 18:30,1504,67,24.8
LAR1,3/18/20 18:45,1512,66,24.8
LAR1,3/18/20 19:00,1517,65,24.7
LAR1,3/18/20 19:15,1515,65,24.6
LAR1,3/18/20 19:30,1514,65,24.4
LAR1,3/18/20 19:45,1521,66,24.5
LAR1,3/18/20 20:00,1518,67,24.8
LAR1,3/18/20 20:15,1520,65,25.0
LAR1,3/18/20 20:30,1515,66,24.8
LAR1,3/18/20 20:45,1513,64,24.7
LAR1,3/18/20 21:00,1508,65,24.7
LAR1,3/18/20 21:15,1508,64,24.4
LAR1,3/18/20 21:30,1511,66,24.4
LAR1,3/18/20 21:45,1510,66,24.7
LAR1,3/18/20 22:00,1513,66,25.1
LAR1,3/18/20 22:15,1506,65,24.9
LAR1,3/18/20 22:30,1507,65,25.0
LAR1,3/18/20 22:45,1503,65,24.7
LAR1,3/18/20 23:00,1502,64,24.7
LAR1,3/18/20 23:15,1500,65,24.5
LAR1,3/18/20 23:30,1507,65,24.6
LAR1,3/18/20 23:45,1514,67,25.0
LAR1,3/19/20 00:00,1522,65,25.2
LAR1,3/19/20 00:15,1521,65,25.0
LAR1,3/19/20 00:30,1514,64,24.9
LAR1,3/19/20 00:45,1510,65,24.7
LAR1,3/19/20 01:00,1507,64,24.5
LAR1,3/19/20 01:15,1507,65,24.5
LAR1,3/19/20 01:30,1512,65,24.7
LAR1,3/19/20 01:45,1522,67,25.1
LAR1,3/19/20 02:00,1518,65,25.0
LAR1,3/19/20 02:15,1516,65,25.0
LAR1,3/19/20 02:30,1513,65,24.8
LAR1,3/19/20 02:45,1516,64,24.6
LAR1,3/19/20 03:00,1511,64,24.6
LAR1,3/19/20 03:15,1509,64,24.4
LAR1,3/19/20 03:30,1514,66,24.6
LAR1,3/19/20 03:45,1506,66,25.0
LAR1,3/19/20 04:00,1511,66,24.9
LAR1,3/19/20 04:15,1515,64,24.8
LAR1,3/19/20 04:30,1511,65,24.7
LAR1,3/19/20 04:45,1506,65,24.6
LAR1,3/19/20 05:00,1485,65,24.7
LAR1,3/19/20 05:15,1397,72,21.9
LAR1,3/19/20 05:30,1135,75,20.0
LAR1,3/19/20 05:45,1005,73,20.1
LAR1,3/19/20 06:00,944,70,20.4
LAR1,3/19/20 06:15,922,69,20.7
LAR1,3/19/20 06:30,896,69,20.9
LAR1,3/19/20 06:45,888,68,20.9
LAR1,3/19/20 07:00,883,67,21.0
LAR1,3/19/20 07:15,878,68,21.1
LAR1,3/19/20 07:30,880,69,21.1
LAR1,3/19/20 07:45,887,69,21.1
LAR1,3/19/20 08:00,891,69,21.0
LAR1,3/19/20 08:15,1010,66,23.6
LAR1,3/19/20 08:30,1414,66,25.9
LAR1,3/19/20 08:45,1423,65,26.0
LAR1,3/19/20 09:00,1404,64,25.7
LAR1,3/19/20 09:15,1458,63,25.5
LAR1,3/19/20 09:30,1464,64,25.2
LAR1,3/19/20 09:45,1488,64,24.9
LAR1,3/19/20 10:00,1527,64,24.7
LAR1,3/19/20 10:15,1535,63,24.4
LAR1,3/19/20 10:30,1478,65,24.3
LAR1,3/19/20 10:45,1513,66,24.5
LAR1,3/19/20 11:00,1525,67,24.9
LAR1,3/19/20 11:15,1534,65,24.8
LAR1,3/19/20 11:30,1514,66,24.6
LAR1,3/19/20 11:45,1475,65,24.6
LAR1,3/19/20 12:00,1522,67,24.6
LAR1,3/19/20 12:15,1537,66,24.8
LAR1,3/19/20 12:30,1509,66,24.7
LAR1,3/19/20 12:45,1527,65,24.6
LAR1,3/19/20 13:00,1520,66,24.6
LAR1,3/19/20 13:15,1523,67,24.8
LAR1,3/19/20 13:30,1517,66,24.7
LAR1,3/19/20 13:45,1504,66,24.6
LAR1,3/19/20 14:00,1511,66,24.5
LAR1,3/19/20 14:15,1509,67,24.5
LAR1,3/19/20 14:30,1495,67,24.7
LAR1,3/19/20 14:45,1498,66,24.8
LAR1,3/19/20 15:00,1502,66,24.7
LAR1,3/19/20 15:15,1502,66,24.5
LAR1,3/19/20 15:30,1505,66,24.6
LAR1,3/19/20 15:45,1491,67,24.8
LAR1,3/19/20 16:00,1430,66,24.8
LAR1,3/19/20 16:15,1474,67,24.9
LAR1,3/19/20 16:30,1522,66,24.8
LAR1,3/19/20 16:45,1527,66,24.5
LAR1,3/19/20 17:00,1495,67,24.7
LAR1,3/19/20 17:15,1499,68,25.0
LAR1,3/19/20 17:30,1525,67,25.3
LAR1,3/19/20 17:45,1528,66,25.1
LAR1,3/19/20 18:00,1521,66,25.0
LAR1,3/19/20 18:15,1517,65,24.9
LAR1,3/19/20 18:30,1506,65,24.5
LAR1,3/19/20 18:45,1508,67,24.6
LAR1,3/19/20 19:00,1504,67,24.9
LAR1,3/19/20 19:15,1502,68,25.4
LAR1,3/19/20 19:30,1503,66,25.3
LAR1,3/19/20 19:45,1500,65,25.0
LAR1,3/19/20 20:00,1497,66,25.0
LAR1,3/19/20 20:15,1502,65,24.6
LAR1,3/19/20 20:30,1497,66,24.6
LAR1,3/19/20 20:45,1500,67,24.8
LAR1,3/19/20 21:00,1506,68,25.3
LAR1,3/19/20 21:15,1502,66,25.3
LAR1,3/19/20 21:30,1504,66,25.0
LAR1,3/19/20 21:45,1498,65,25.0
LAR1,3/19/20 22:00,1499,65,24.7
LAR1,3/19/20 22:15,1499,65,24.7
LAR1,3/19/20 22:30,1501,64,24.4
LAR1,3/19/20 22:45,1496,66,24.5
LAR1,3/19/20 23:00,1497,68,24.8
LAR1,3/19/20 23:15,1502,66,25.2
LAR1,3/19/20 23:30,1506,66,25.0
LAR1,3/19/20 23:45,1504,65,25.0
LAR1,3/20/20 00:00,1498,65,24.8
LAR1,3/20/20 00:15,1503,65,24.6
LAR1,3/20/20 00:30,1497,66,24.5
LAR1,3/20/20 00:45,1503,66,24.7
LAR1,3/20/20 01:00,1506,68,25.1
LAR1,3/20/20 01:15,1503,65,25.1
LAR1,3/20/20 01:30,1502,66,25.1
LAR1,3/20/20 01:45,1497,65,24.8
LAR1,3/20/20 02:00,1501,66,24.7
LAR1,3/20/20 02:15,1498,65,24.5
LAR1,3/20/20 02:30,1500,67,24.7
LAR1,3/20/20 02:45,1502,67,25.1
LAR1,3/20/20 03:00,1503,66,25.0
LAR1,3/20/20 03:15,1484,65,24.9
LAR1,3/20/20 03:30,1478,66,24.8
LAR1,3/20/20 03:45,1509,65,24.6
LAR1,3/20/20 04:00,1505,66,24.7
LAR1,3/20/20 04:15,1501,67,25.0
LAR1,3/20/20 04:30,1505,66,25.1
LAR1,3/20/20 04:45,1504,66,25.1
LAR1,3/20/20 05:00,1500,66,24.8
LAR1,3/20/20 05:15,1420,72,22.0
LAR1,3/20/20 05:30,1161,75,20.1
LAR1,3/20/20 05:45,1029,72,20.1
LAR1,3/20/20 06:00,967,71,20.4
LAR1,3/20/20 06:15,944,70,20.7
LAR1,3/20/20 06:30,923,69,20.8
LAR1,3/20/20 06:45,916,69,21.0
LAR1,3/20/20 07:00,910,68,21.0
LAR1,3/20/20 07:15,900,69,21.0
LAR1,3/20/20 07:30,895,68,21.0
LAR1,3/20/20 07:45,903,69,21.0
LAR1,3/20/20 08:00,892,69,21.1
LAR1,3/20/20 08:15,1062,66,23.8
LAR1,3/20/20 08:30,1402,66,26.1
LAR1,3/20/20 08:45,1481,65,26.4
LAR1,3/20/20 09:00,1537,66,25.5
LAR1,3/20/20 09:15,1519,65,25.5
LAR1,3/20/20 09:30,1507,65,25.3
LAR1,3/20/20 09:45,1510,65,25.1
LAR1,3/20/20 10:00,1510,65,24.8
LAR1,3/20/20 10:15,1509,64,24.6
LAR1,3/20/20 10:30,1500,66,24.5
LAR1,3/20/20 10:45,1502,67,24.8
LAR1,3/20/20 11:00,1497,67,25.0
LAR1,3/20/20 11:15,1508,66,24.8
LAR1,3/20/20 11:30,1484,66,24.8
LAR1,3/20/20 11:45,1498,66,24.6
LAR1,3/20/20 12:00,1508,66,24.7
LAR1,3/20/20 12:15,1474,66,24.5
LAR1,3/20/20 12:30,1516,68,24.5
LAR1,3/20/20 12:45,1530,67,24.8
LAR1,3/20/20 13:00,1520,67,24.8
LAR1,3/20/20 13:15,1511,67,24.8
LAR1,3/20/20 13:30,1508,67,24.6
LAR1,3/20/20 13:45,1491,71,23.0
LAR1,3/20/20 14:00,1706,72,22.4
LAR1,3/20/20 14:15,1446,70,23.1
LAR1,3/20/20 14:30,1586,68,23.6
LAR1,3/20/20 14:45,1512,66,24.1
LAR1,3/20/20 15:00,1425,67,25.0
LAR1,3/20/20 15:15,1435,67,24.0
LAR1,3/20/20 15:30,951,77,21.4
LAR1,3/20/20 15:45,858,77,18.9
LAR1,3/20/20 16:00,849,66,18.1
LAR1,3/20/20 16:15,827,62,18.1
LAR1,3/20/20 16:30,868,66,17.7
LAR1,3/20/20 16:45,1044,71,19.2
LAR1,3/20/20 17:00,1626,71,22.1
LAR1,3/20/20 17:15,1748,68,23.7
LAR1,3/20/20 17:30,1707,68,24.5
LAR1,3/20/20 17:45,1641,68,24.5
LAR1,3/20/20 18:00,1608,68,24.4
LAR1,3/20/20 18:15,1579,69,24.4
LAR1,3/20/20 18:30,1560,70,24.2
LAR1,3/20/20 18:45,1546,70,24.1
LAR1,3/20/20 19:00,1531,70,24.0
LAR1,3/20/20 19:15,1520,70,24.0
LAR1,3/20/20 19:30,1519,70,24.0
LAR1,3/20/20 19:45,1514,70,24.0
LAR1,3/20/20 20:00,1508,70,24.0
LAR1,3/20/20 20:15,1509,70,24.0
LAR1,3/20/20 20:30,1502,70,24.0
LAR1,3/20/20 20:45,1506,70,24.0
LAR1,3/20/20 21:00,1502,70,24.0
LAR1,3/20/20 21:15,1500,70,24.0
LAR1,3/20/20 21:30,1495,70,24.0
LAR1,3/20/20 21:45,1495,70,24.0
LAR1,3/20/20 22:00,1498,70,24.0
LAR1,3/20/20 22:15,1505,70,24.0
LAR1,3/20/20 22:30,1497,70,24.0
LAR1,3/20/20 22:45,1500,70,24.0
LAR1,3/20/20 23:00,1500,70,24.0
LAR1,3/20/20 23:15,1498,70,24.0
LAR1,3/20/20 23:30,1506,70,24.0
LAR1,3/20/20 23:45,1500,70,24.0
,,,,
,,,,
,,,,
,,,,
,,,,
,,,,
,,,,
,,,,
,,,,
,,,,
,,,,
,,,,
,,,,
,,,,
,,,,
,,,,
,,,,
,,,,
,,,,
,,,,
,,,,
,,,,
,,,,
,,,,
,,,,
,,,,
,,,,
,,,,
,,,,
,,,,
,,,,
,,,,
,,,,
,,,,
,,,,
,,,,
,,,,
,,,,
,,,,
,,,,
,,,,
,,,,
,,,,
,,,,
,,,,
,,,,
,,,,
,,,,
,,,,
,,,,
,,,,
,,,,
,,,,
,,,,
,,,,
,,,,
,,,,
,,,,
,,,,
,,,,
,,,,
,,,,
,,,,
,,,,
,,,,
,,,,
,,,,
,,,,
,,,,
,,,,
,,,,
,,,,
,,,,
,,,,
,,,,
,,,,
,,,,
,,,,
,,,,
,,,,
,,,,
,,,,
,,,,
,,,,
,,,,
,,,,
,,,,
,,,,
,,,,
,,,,
,,,,
,,,,
,,,,
,,,,
,,,,
,,,,
,,,,
,,,,
,,,,
,,,,
,,,,
,,,,
,,,,
,,,,
,,,,
,,,,
,,,,
,,,,
,,,,
,,,,
,,,,
,,,,
,,,,
,,,,
,,,,
,,,,
,,,,
,,,,
,,,,
,,,,
,,,,
,,,,
,,,,
,,,,
,,,,
,,,,
,,,,
,,,,
,,,,
,,,,
,,,,
,,,,
,,,,
,,,,
,,,,
,,,,
,,,,
,,,,
,,,,
,,,,
,,,,
,,,,
,,,,
,,,,
,,,,
,,,,
,,,,
,,,,
,,,,
,,,,
,,,,
,,,,
,,,,
,,,,
,,,,
,,,,
,,,,
,,,,
,,,,
,,,,
,,,,
,,,,
,,,,
,,,,
,,,,
,,,,
,,,,
,,,,
,,,,
,,,,
,,,,
,,,,
,,,,
,,,,
,,,,
,,,,
,,,,
,,,,
,,,,
,,,,
,,,,
,,,,
,,,,
,,,,
,,,,
,,,,
,,,,
,,,,
,,,,
,,,,
,,,,
,,,,
,,,,
,,,,
,,,,
,,,,
,,,,
,,,,
,,,,
,,,,
,,,,
,,,,
,,,,
,,,,
,,,,
,,,,
,,,,
,,,,
,,,,
,,,,
,,,,
,,,,
,,,,
,,,,
,,,,
,,,,
,,,,
,,,,
,,,,
,,,,
,,,,
,,,,
,,,,
,,,,
,,,,
,,,,
,,,,
,,,,
,,,,
,,,,
,,,,
,,,,
,,,,
,,,,
,,,,
,,,,
,,,,
,,,,
,,,,
,,,,
,,,,
,,,,
,,,,
,,,,
,,,,
,,,,
,,,,
,,,,
,,,,
,,,,
,,,,
,,,,
,,,,
,,,,
,,,,
,,,,
,,,,
,,,,
,,,,
,,,,
,,,,
,,,,
,,,,
,,,,
,,,,
,,,,
,,,,
,,,,
,,,,
,,,,
,,,,
,,,,
,,,,
,,,,
,,,,
,,,,
,,,,
,,,,
,,,,
,,,,
,,,,
,,,,
,,,,
,,,,
,,,,
,,,,
,,,,
,,,,
,,,,
,,,,
,,,,
,,,,
,,,,
,,,,
,,,,
,,,,
,,,,
,,,,
,,,,
,,,,
,,,,
,,,,
,,,,
,,,,
,,,,
,,,,
,,,,
,,,,
,,,,
,,,,
,,,,
,,,,
,,,,
,,,,
,,,,
,,,,
,,,,
,,,,
,,,,
,,,,
,,,,
,,,,
,,,,
,,,,
,,,,
,,,,
,,,,
,,,,
,,,,
,,,,
,,,,
,,,,
,,,,
,,,,
,,,,
,,,,
,,,,
,,,,
,,,,
,,,,
,,,,
,,,,
,,,,
,,,,
,,,,
,,,,
,,,,
,,,,
,,,,
,,,,
,,,,
,,,,
,,,,
,,,,
,,,,
,,,,
,,,,
,,,,
,,,,
,,,,
,,,,
,,,,
,,,,
,,,,
,,,,
,,,,
,,,,
,,,,
,,,,
,,,,
,,,,
,,,,
,,,,
,,,,
,,,,
,,,,
,,,,
,,,,
,,,,
,,,,
,,,,
,,,,
,,,,
,,,,
,,,,
,,,,
,,,,
,,,,
,,,,
,,,,
,,,,
,,,,
,,,,
,,,,
,,,,
,,,,
,,,,
,,,,
,,,,
,,,,
,,,,
,,,,
,,,,
,,,,
,,,,
,,,,
,,,,
,,,,
,,,,
,,,,
,,,,
,,,,
,,,,
,,,,
,,,,
,,,,
,,,,
,,,,
,,,,
,,,,
,,,,
,,,,
,,,,
,,,,
,,,,
,,,,
,,,,
,,,,
,,,,
,,,,
,,,,
,,,,
,,,,
,,,,
,,,,
,,,,
,,,,
,,,,
,,,,
,,,,
,,,,
,,,,
,,,,
,,,,
,,,,
,,,,
,,,,
,,,,
,,,,
,,,,
,,,,
,,,,
,,,,
,,,,
,,,,
,,,,
,,,,
,,,,
,,,,
,,,,
,,,,
,,,,
,,,,
,,,,
,,,,
,,,,
,,,,
,,,,
,,,,
,,,,
,,,,
,,,,
,,,,
,,,,
,,,,
,,,,
,,,,
,,,,
,,,,
,,,,
,,,,
,,,,
,,,,
,,,,
,,,,
,,,,
,,,,
,,,,
,,,,
,,,,
,,,,
,,,,
,,,,
,,,,
,,,,
,,,,
,,,,
,,,,
,,,,
,,,,
,,,,
,,,,
,,,,
,,,,
,,,,
,,,,
,,,,
,,,,
,,,,
,,,,
,,,,
,,,,
,,,,
,,,,
,,,,
,,,,
,,,,
,,,,
,,,,
,,,,
,,,,
,,,,
,,,,
,,,,
,,,,
,,,,
,,,,
,,,,
,,,,
,,,,
,,,,
,,,,
,,,,
,,,,
,,,,
,,,,
,,,,
,,,,
,,,,
,,,,
,,,,
,,,,
,,,,
,,,,
,,,,
,,,,
,,,,
,,,,
,,,,
,,,,
,,,,
,,,,
,,,,
,,,,
,,,,
,,,,
,,,,
,,,,
,,,,
,,,,
,,,,
,,,,
,,,,
,,,,
,,,,
,,,,
,,,,
,,,,
,,,,
,,,,
,,,,
,,,,
,,,,
,,,,
,,,,
,,,,
,,,,
,,,,
,,,,
,,,,
,,,,
,,,,
,,,,
,,,,
,,,,
,,,,
,,,,
,,,,
,,,,
,,,,
,,,,
,,,,
,,,,
,,,,
,,,,
,,,,
,,,,
,,,,
,,,,
,,,,
,,,,
,,,,
,,,,
,,,,
,,,,
,,,,
,,,,
,,,,
,,,,
,,,,
,,,,
,,,,
,,,,
,,,,
,,,,
,,,,
,,,,
,,,,
,,,,
,,,,
,,,,
,,,,
,,,,
,,,,
,,,,
,,,,
,,,,
,,,,
,,,,
,,,,
,,,,
,,,,
,,,,
,,,,
,,,,
,,,,
,,,,
,,,,
,,,,
,,,,
,,,,
,,,,
,,,,
,,,,
,,,,
,,,,
,,,,
,,,,
,,,,
,,,,
,,,,
,,,,
,,,,
,,,,
,,,,
,,,,
,,,,
,,,,
,,,,
,,,,
,,,,
,,,,
,,,,
,,,,
,,,,
,,,,
,,,,
,,,,
,,,,
,,,,
,,,,
,,,,
,,,,
,,,,
,,,,
,,,,
,,,,
,,,,
,,,,
,,,,
,,,,
,,,,
,,,,
,,,,
,,,,
,,,,
,,,,
,,,,
,,,,
,,,,
,,,,
,,,,
,,,,
,,,,
,,,,
,,,,
,,,,
,,,,
,,,,
,,,,
,,,,
,,,,
,,,,
,,,,
,,,,
,,,,
,,,,
,,,,
,,,,
,,,,
,,,,
,,,,
,,,,
,,,,
,,,,
,,,,
,,,,
,,,,
,,,,
,,,,
,,,,
,,,,
,,,,
,,,,
,,,,
,,,,
,,,,
,,,,
,,,,
,,,,
,,,,
,,,,
,,,,
,,,,
,,,,
,,,,
,,,,
,,,,
,,,,
,,,,
,,,,
,,,,
,,,,
,,,,
,,,,
,,,,
,,,,
,,,,
,,,,
,,,,
,,,,
,,,,
,,,,
,,,,
,,,,
,,,,
,,,,
,,,,
,,,,
,,,,
,,,,
,,,,
,,,,
,,,,
,,,,
,,,,
,,,,
,,,,
,,,,
,,,,
,,,,
,,,,
,,,,
,,,,
,,,,
,,,,
,,,,
,,,,
,,,,
,,,,
,,,,
,,,,
,,,,
,,,,
,,,,
,,,,
,,,,
,,,,
,,,,
,,,,
,,,,
,,,,
,,,,
,,,,
,,,,
,,,,
,,,,
,,,,
,,,,
,,,,
,,,,
,,,,
,,,,
,,,,
,,,,
,,,,
,,,,
,,,,
,,,,
,,,,
,,,,
,,,,
,,,,
,,,,
,,,,
,,,,
,,,,
,,,,
,,,,
,,,,
,,,,
,,,,
,,,,
,,,,
,,,,
,,,,
,,,,
,,,,
,,,,
,,,,
,,,,
,,,,
,,,,
,,,,
,,,,
,,,,
,,,,
,,,,
,,,,
,,,,
,,,,
,,,,
,,,,
,,,,
,,,,
,,,,
,,,,
,,,,
,,,,
,,,,
,,,,
,,,,
,,,,
,,,,
,,,,
,,,,
,,,,
,,,,
,,,,
,,,,
,,,,
,,,,
,,,,
,,,,
,,,,
,,,,
,,,,
,,,,
,,,,
,,,,
,,,,
,,,,
,,,,
,,,,
,,,,
,,,,
,,,,
,,,,
,,,,
,,,,
,,,,
,,,,
,,,,
,,,,
,,,,
,,,,
,,,,
,,,,
,,,,
,,,,
,,,,
,,,,
,,,,
,,,,
,,,,
,,,,
,,,,
,,,,
,,,,
,,,,
,,,,
,,,,
,,,,
,,,,
,,,,
,,,,
,,,,
,,,,
,,,,
,,,,
,,,,
,,,,
,,,,
,,,,
,,,,
,,,,
,,,,
,,,,
,,,,
,,,,
,,,,
,,,,
,,,,
,,,,
,,,,
,,,,
,,,,
,,,,
,,,,
,,,,
,,,,
,,,,
,,,,
,,,,
,,,,
,,,,
,,,,
,,,,
,,,,
,,,,
,,,,
,,,,
,,,,
,,,,
,,,,
,,,,
,,,,
,,,,
,,,,
,,,,
,,,,
,,,,
,,,,
,,,,
,,,,
,,,,
,,,,
,,,,
,,,,
,,,,
,,,,
,,,,
,,,,
,,,,
,,,,
,,,,
,,,,
,,,,
,,,,
,,,,
,,,,
,,,,
,,,,
,,,,
,,,,
,,,,
,,,,
,,,,
,,,,
,,,,
,,,,
,,,,
,,,,
,,,,
,,,,
,,,,
,,,,
,,,,
,,,,
,,,,
,,,,
,,,,
,,,,
,,,,
,,,,
,,,,
,,,,
,,,,
,,,,
,,,,
,,,,
,,,,
,,,,
,,,,
,,,,
,,,,
,,,,
,,,,
,,,,
,,,,
,,,,
,,,,
,,,,
,,,,
,,,,
,,,,
,,,,
,,,,
,,,,
,,,,
,,,,
,,,,
,,,,
,,,,
,,,,
,,,,
,,,,
,,,,
,,,,
,,,,
,,,,
,,,,
,,,,
,,,,
,,,,
,,,,
,,,,
,,,,
,,,,
,,,,
,,,,
,,,,
,,,,
,,,,
,,,,
,,,,
,,,,
,,,,
,,,,
,,,,
,,,,
,,,,
,,,,
,,,,
,,,,
,,,,
,,,,
,,,,
,,,,
,,,,
,,,,
,,,,
,,,,
,,,,
,,,,
,,,,
,,,,
,,,,
,,,,
,,,,
,,,,
,,,,
,,,,
,,,,
,,,,
,,,,
,,,,
,,,,
,,,,
,,,,
,,,,
,,,,
,,,,
,,,,
,,,,
,,,,
,,,,
,,,,
,,,,
,,,,
,,,,
,,,,
,,,,
,,,,
,,,,
,,,,
,,,,
,,,,
,,,,
,,,,
,,,,
,,,,
,,,,
,,,,
,,,,
,,,,
,,,,
,,,,
,,,,
,,,,
,,,,
,,,,
,,,,
,,,,
,,,,
,,,,
,,,,
,,,,
,,,,
,,,,
,,,,
,,,,
,,,,
,,,,
,,,,
,,,,
,,,,
,,,,
,,,,
,,,,
,,,,
,,,,
,,,,
,,,,
,,,,
,,,,
,,,,
,,,,
,,,,
,,,,
,,,,
,,,,
,,,,
,,,,
,,,,
,,,,
,,,,
,,,,
,,,,
,,,,
,,,,
,,,,
,,,,
,,,,
,,,,
,,,,
,,,,
,,,,
,,,,
,,,,
,,,,
,,,,
,,,,
,,,,
,,,,
,,,,
,,,,
,,,,
,,,,
,,,,
,,,,
,,,,
,,,,
,,,,
,,,,
,,,,
,,,,
,,,,
,,,,
,,,,
,,,,
,,,,
,,,,
,,,,
,,,,
,,,,
,,,,
,,,,
,,,,
,,,,
,,,,
,,,,
,,,,
,,,,
,,,,
,,,,
,,,,
,,,,
,,,,
,,,,
,,,,
,,,,
,,,,
,,,,
,,,,
,,,,
,,,,
,,,,
,,,,
,,,,
,,,,
,,,,
,,,,
,,,,
,,,,
,,,,
,,,,
,,,,
,,,,
,,,,
,,,,
,,,,
,,,,
,,,,
,,,,
,,,,
,,,,
,,,,
,,,,
,,,,
,,,,
,,,,
,,,,
,,,,
,,,,
,,,,
,,,,
,,,,
,,,,
,,,,
,,,,
,,,,
,,,,
,,,,
,,,,
,,,,
,,,,
,,,,
,,,,
,,,,
,,,,
,,,,
,,,,
,,,,
,,,,
,,,,
,,,,
,,,,
,,,,
,,,,
,,,,
,,,,
,,,,
,,,,
,,,,
,,,,
,,,,
,,,,
,,,,
,,,,
,,,,
,,,,
,,,,
,,,,
,,,,
,,,,
,,,,
,,,,
,,,,
,,,,
,,,,
,,,,
,,,,
,,,,
,,,,
,,,,
,,,,
,,,,
,,,,
,,,,
,,,,
,,,,
,,,,
,,,,
,,,,
,,,,
,,,,
,,,,
,,,,
,,,,
,,,,
,,,,
,,,,
,,,,
,,,,
,,,,
,,,,
,,,,
,,,,
,,,,
,,,,
,,,,
,,,,
,,,,
,,,,
,,,,
,,,,
,,,,
,,,,
,,,,
,,,,
,,,,
,,,,
,,,,
,,,,
,,,,
,,,,
,,,,
,,,,
,,,,
,,,,
,,,,
,,,,
,,,,
,,,,
,,,,
,,,,
,,,,
,,,,
,,,,
,,,,
,,,,
,,,,
,,,,
,,,,
,,,,
,,,,
,,,,
,,,,
,,,,
,,,,
,,,,
,,,,
,,,,
,,,,
,,,,
,,,,
,,,,
,,,,
,,,,
,,,,
,,,,
,,,,
,,,,
,,,,
,,,,
,,,,
,,,,
,,,,
,,,,
,,,,
,,,,
,,,,
,,,,
,,,,
,,,,
,,,,
,,,,
,,,,
,,,,
,,,,
,,,,
,,,,
,,,,
,,,,
,,,,
,,,,
,,,,
,,,,
,,,,
,,,,
,,,,
,,,,
,,,,
,,,,
,,,,
,,,,
,,,,
,,,,
,,,,
,,,,
,,,,
,,,,
,,,,
,,,,
,,,,
,,,,
,,,,
,,,,
,,,,
,,,,
,,,,
,,,,
,,,,
,,,,
,,,,
,,,,
,,,,
,,,,
,,,,
,,,,
,,,,
,,,,
,,,,
,,,,
,,,,
,,,,
,,,,
,,,,
,,,,
,,,,
,,,,
,,,,
,,,,
,,,,
,,,,
,,,,
,,,,
,,,,
,,,,
,,,,
,,,,
,,,,
,,,,
,,,,
,,,,
,,,,
,,,,
,,,,
,,,,
,,,,
,,,,
,,,,
,,,,
,,,,
,,,,
,,,,
,,,,
,,,,
,,,,
,,,,
,,,,
,,,,
,,,,
,,,,
,,,,
,,,,
,,,,
,,,,
,,,,
,,,,
,,,,
,,,,
,,,,
,,,,
,,,,
,,,,
,,,,
,,,,
,,,,
,,,,
,,,,
,,,,
,,,,
,,,,
,,,,
,,,,
,,,,
,,,,
,,,,
,,,,
,,,,
,,,,
,,,,
,,,,
,,,,
,,,,
,,,,
,,,,
,,,,
,,,,
,,,,
,,,,
,,,,
,,,,
,,,,
,,,,
,,,,
,,,,
,,,,
,,,,
,,,,
,,,,
,,,,
,,,,
,,,,
,,,,
,,,,
,,,,
,,,,
,,,,
,,,,
,,,,
,,,,
,,,,
,,,,
,,,,
,,,,
,,,,
,,,,
,,,,
,,,,
,,,,
,,,,
,,,,
,,,,
,,,,
,,,,
,,,,
,,,,
,,,,
,,,,
,,,,
,,,,
,,,,
,,,,
,,,,
,,,,
,,,,
,,,,
,,,,
,,,,
,,,,
,,,,
,,,,
,,,,
,,,,
,,,,
,,,,
,,,,
,,,,
,,,,
,,,,
,,,,
,,,,
,,,,
,,,,
,,,,
,,,,
,,,,
,,,,
,,,,
,,,,
,,,,
,,,,
,,,,
,,,,
,,,,
,,,,
,,,,
,,,,
,,,,
,,,,
,,,,
,,,,
,,,,
,,,,
,,,,
,,,,
,,,,
,,,,
,,,,
,,,,
,,,,
,,,,
,,,,
,,,,
,,,,
,,,,
,,,,
,,,,
,,,,
,,,,
,,,,
,,,,
,,,,
,,,,
,,,,
,,,,
,,,,
,,,,
,,,,
,,,,
,,,,
,,,,
,,,,
,,,,
,,,,
,,,,
,,,,
,,,,
,,,,
,,,,
,,,,
,,,,
,,,,
,,,,
,,,,
,,,,
,,,,
,,,,
,,,,
,,,,
,,,,
,,,,
,,,,
,,,,
,,,,
,,,,
,,,,
,,,,
,,,,
,,,,
,,,,
,,,,
,,,,
,,,,
,,,,
,,,,
,,,,
,,,,
,,,,
,,,,
,,,,
,,,,
,,,,
,,,,
,,,,
,,,,
,,,,
,,,,
,,,,
,,,,
,,,,
,,,,
,,,,
,,,,
,,,,
,,,,
,,,,
,,,,
,,,,
,,,,
,,,,
,,,,
,,,,
,,,,
,,,,
,,,,
,,,,
,,,,
,,,,
,,,,
,,,,
,,,,
,,,,
,,,,
,,,,
,,,,
,,,,
,,,,
,,,,
,,,,
,,,,
,,,,
,,,,
,,,,
,,,,
,,,,
,,,,
,,,,
,,,,
,,,,
,,,,
,,,,
,,,,
,,,,
,,,,
,,,,
,,,,
,,,,
,,,,
,,,,
,,,,
,,,,
,,,,
,,,,
,,,,
,,,,
,,,,
,,,,
,,,,
,,,,
,,,,
,,,,
,,,,
,,,,
,,,,
,,,,
,,,,
,,,,
,,,,
,,,,
,,,,
,,,,
,,,,
,,,,
,,,,
,,,,
,,,,
,,,,
,,,,
,,,,
,,,,
,,,,
,,,,
,,,,
,,,,
,,,,
,,,,
,,,,
,,,,
,,,,
,,,,
,,,,
,,,,
,,,,
,,,,
,,,,
,,,,
,,,,
,,,,
,,,,
,,,,
,,,,
,,,,
,,,,
,,,,
,,,,
,,,,
,,,,
,,,,
,,,,
,,,,
,,,,
,,,,
,,,,
,,,,
,,,,
,,,,
,,,,
,,,,
,,,,
,,,,
,,,,
,,,,
,,,,
,,,,
,,,,
,,,,
,,,,
,,,,
,,,,
,,,,
,,,,
,,,,
,,,,
,,,,
,,,,
,,,,
,,,,
,,,,
,,,,
,,,,
,,,,
,,,,
,,,,
,,,,
,,,,
,,,,
,,,,
,,,,
,,,,
,,,,
,,,,
,,,,
,,,,
,,,,
,,,,
,,,,
,,,,
,,,,
,,,,
,,,,
,,,,
,,,,
,,,,
,,,,
,,,,
,,,,
,,,,
,,,,
,,,,
,,,,
,,,,
,,,,
,,,,
,,,,
,,,,
,,,,
,,,,
,,,,
,,,,
,,,,
,,,,
,,,,
,,,,
,,,,
,,,,
,,,,
,,,,
,,,,
,,,,
,,,,
,,,,
,,,,
,,,,
,,,,
,,,,
,,,,
,,,,
,,,,
,,,,
,,,,
,,,,
,,,,
,,,,
,,,,
,,,,
,,,,
,,,,
,,,,
,,,,
,,,,
,,,,
,,,,
,,,,
,,,,
,,,,
,,,,
,,,,
,,,,
,,,,
,,,,
,,,,
,,,,
,,,,
,,,,
,,,,
,,,,
,,,,
,,,,
,,,,
,,,,
,,,,
,,,,
,,,,
,,,,
,,,,
,,,,
,,,,
,,,,
,,,,
,,,,
,,,,
,,,,
,,,,
,,,,
,,,,
,,,,
,,,,
,,,,
,,,,
,,,,
,,,,
,,,,
,,,,
,,,,
,,,,
,,,,
,,,,
,,,,
,,,,
,,,,
,,,,
,,,,
,,,,
,,,,
,,,,
,,,,
,,,,
,,,,
,,,,
,,,,
,,,,
,,,,
,,,,
,,,,
,,,,
,,,,
,,,,
,,,,
,,,,
,,,,
,,,,
,,,,
,,,,
,,,,
,,,,
,,,,
,,,,
,,,,
,,,,
,,,,
,,,,
,,,,
,,,,
,,,,
,,,,
,,,,
,,,,
,,,,
,,,,
,,,,
,,,,
,,,,
,,,,
,,,,
,,,,
,,,,
,,,,
,,,,
,,,,
,,,,
,,,,
,,,,
,,,,
,,,,
,,,,
,,,,
,,,,
,,,,
,,,,
,,,,
,,,,
,,,,
,,,,
,,,,
,,,,
,,,,
,,,,
,,,,
,,,,
,,,,
,,,,
,,,,
,,,,
,,,,
,,,,
,,,,
,,,,
,,,,
,,,,
,,,,
,,,,
,,,,
,,,,
,,,,
,,,,
,,,,
,,,,
,,,,
,,,,
,,,,
,,,,
,,,,
,,,,
,,,,
,,,,
,,,,
,,,,
,,,,
,,,,
,,,,
,,,,
,,,,
,,,,
,,,,
,,,,
,,,,
,,,,
,,,,
,,,,
,,,,
,,,,
,,,,
,,,,
,,,,
,,,,
,,,,
,,,,
,,,,
,,,,
,,,,
,,,,
,,,,
,,,,
,,,,
,,,,
,,,,
,,,,
,,,,
,,,,
,,,,
,,,,
,,,,
,,,,
,,,,
,,,,
,,,,
,,,,
,,,,
,,,,
,,,,
,,,,
,,,,
,,,,
,,,,
,,,,
,,,,
,,,,
,,,,
,,,,
,,,,
,,,,
,,,,
,,,,
,,,,
,,,,
,,,,
,,,,
,,,,
,,,,
,,,,
,,,,
,,,,
,,,,
,,,,
,,,,
,,,,
,,,,
,,,,
,,,,
,,,,
,,,,
,,,,
,,,,
,,,,
,,,,
,,,,
,,,,
,,,,
,,,,
,,,,
,,,,
,,,,
,,,,
,,,,
,,,,
,,,,
,,,,
,,,,
,,,,
,,,,
,,,,
,,,,
,,,,
,,,,
,,,,
,,,,
,,,,
,,,,
,,,,
,,,,
,,,,
,,,,
,,,,
,,,,
,,,,
,,,,
,,,,
,,,,
,,,,
,,,,
,,,,
,,,,
,,,,
,,,,
,,,,
,,,,
,,,,
,,,,
,,,,
,,,,
,,,,
,,,,
,,,,
,,,,
,,,,
,,,,
,,,,
,,,,
,,,,
,,,,
,,,,
,,,,
,,,,
,,,,
,,,,
,,,,
,,,,
,,,,
,,,,
,,,,
,,,,
,,,,
,,,,
,,,,
,,,,
,,,,
,,,,
,,,,
,,,,
,,,,
,,,,
,,,,
,,,,
,,,,
,,,,
,,,,
,,,,
,,,,
,,,,
,,,,
,,,,
,,,,
,,,,
,,,,
,,,,
,,,,
,,,,
,,,,
,,,,
,,,,
,,,,
,,,,
,,,,
,,,,
,,,,
,,,,
,,,,
,,,,
,,,,
,,,,
,,,,
,,,,
,,,,
,,,,
,,,,
,,,,
,,,,
,,,,
,,,,
,,,,
,,,,
,,,,
,,,,
,,,,
,,,,
,,,,
,,,,
,,,,
,,,,
,,,,
,,,,
,,,,
,,,,
,,,,
,,,,
,,,,
,,,,
,,,,
,,,,
,,,,
,,,,
,,,,
,,,,
,,,,
,,,,
,,,,
,,,,
,,,,
,,,,
,,,,
,,,,
,,,,
,,,,
,,,,
,,,,
,,,,
,,,,
,,,,
,,,,
,,,,
,,,,
,,,,
,,,,
,,,,
,,,,
,,,,
,,,,
,,,,
,,,,
,,,,
,,,,
,,,,
,,,,
,,,,
,,,,
,,,,
,,,,
,,,,
,,,,
,,,,
,,,,
,,,,
,,,,
,,,,
,,,,
,,,,
,,,,
,,,,
,,,,
,,,,
,,,,
,,,,
,,,,
,,,,
,,,,
,,,,
,,,,
,,,,
,,,,
,,,,
,,,,
,,,,
,,,,
,,,,
,,,,
,,,,
,,,,
,,,,
,,,,
,,,,
,,,,
,,,,
,,,,
,,,,
,,,,
,,,,
,,,,
,,,,
,,,,
,,,,
,,,,
,,,,
,,,,
,,,,
,,,,
,,,,
,,,,
,,,,
,,,,
,,,,
,,,,
,,,,
,,,,
,,,,
,,,,
,,,,
,,,,
,,,,
,,,,
,,,,
,,,,
,,,,
,,,,
,,,,
,,,,
,,,,
,,,,
,,,,
,,,,
,,,,
,,,,
,,,,
,,,,
,,,,
,,,,
,,,,
,,,,
,,,,
,,,,
,,,,
,,,,
,,,,
,,,,
,,,,
,,,,
,,,,
,,,,
,,,,
,,,,
,,,,
,,,,
,,,,
,,,,
,,,,
,,,,
,,,,
,,,,
,,,,
,,,,
,,,,
,,,,
,,,,
,,,,
,,,,
,,,,
,,,,
,,,,
,,,,
,,,,
,,,,
,,,,
,,,,
,,,,
,,,,
,,,,
,,,,
,,,,
,,,,
,,,,
,,,,
,,,,
,,,,
,,,,
,,,,
,,,,
,,,,
,,,,
,,,,
,,,,
,,,,
,,,,
,,,,
,,,,
,,,,
,,,,
,,,,
,,,,
,,,,
,,,,
,,,,
,,,,
,,,,
,,,,
,,,,
,,,,
,,,,
,,,,
,,,,
,,,,
,,,,
,,,,
,,,,
,,,,
,,,,
,,,,
,,,,
,,,,
,,,,
,,,,
,,,,
,,,,
,,,,
,,,,
,,,,
,,,,
,,,,
,,,,
,,,,
,,,,
,,,,
,,,,
,,,,
,,,,
,,,,
,,,,
,,,,
,,,,
,,,,
,,,,
,,,,
,,,,
,,,,
,,,,
,,,,
,,,,
,,,,
,,,,
,,,,
,,,,
,,,,
,,,,
,,,,
,,,,
,,,,
,,,,
,,,,
,,,,
,,,,
,,,,
,,,,
,,,,
,,,,
,,,,
,,,,
,,,,
,,,,
,,,,
,,,,
,,,,
,,,,
,,,,
,,,,
,,,,
,,,,
,,,,
,,,,
,,,,
,,,,
,,,,
,,,,
,,,,
,,,,
,,,,
,,,,
,,,,
,,,,
,,,,
,,,,
,,,,
,,,,
,,,,
,,,,
,,,,
,,,,
,,,,
,,,,
,,,,
,,,,
,,,,
,,,,
,,,,
,,,,
,,,,
,,,,
,,,,
,,,,
,,,,
,,,,
,,,,
,,,,
,,,,
,,,,
,,,,
,,,,
,,,,
,,,,
,,,,
,,,,
,,,,
,,,,
,,,,
,,,,
,,,,
,,,,
,,,,
,,,,
,,,,
,,,,
,,,,
,,,,
,,,,
,,,,
,,,,
,,,,
,,,,
,,,,
,,,,
,,,,
,,,,
,,,,
,,,,
,,,,
,,,,
,,,,
,,,,
,,,,
,,,,
,,,,
,,,,
,,,,
,,,,
,,,,
,,,,
,,,,
,,,,
,,,,
,,,,
,,,,
,,,,
,,,,
,,,,
,,,,
,,,,
,,,,
,,,,
,,,,
,,,,
,,,,
,,,,
,,,,
,,,,
,,,,
,,,,
,,,,
,,,,
,,,,
,,,,
,,,,
,,,,
,,,,
,,,,
,,,,
,,,,
,,,,
,,,,
,,,,
,,,,
,,,,
,,,,
,,,,
,,,,
,,,,
,,,,
,,,,
,,,,
,,,,
,,,,
,,,,
,,,,
,,,,
,,,,
,,,,
,,,,
,,,,
,,,,
,,,,
,,,,
,,,,
,,,,
,,,,
,,,,
,,,,
,,,,
,,,,
,,,,
,,,,
,,,,
,,,,
,,,,
,,,,
,,,,
,,,,
,,,,
,,,,
,,,,
,,,,
,,,,
,,,,
,,,,
,,,,
,,,,
,,,,
,,,,
,,,,
,,,,
,,,,
,,,,
,,,,
,,,,
,,,,
,,,,
,,,,
,,,,
,,,,
,,,,
,,,,
,,,,
,,,,
,,,,
,,,,
,,,,
,,,,
,,,,
,,,,
,,,,
,,,,
,,,,
,,,,
,,,,
,,,,
,,,,
,,,,
,,,,
,,,,
,,,,
,,,,
,,,,
,,,,
,,,,
,,,,
,,,,
,,,,
,,,,
,,,,
,,,,
,,,,
,,,,
,,,,
,,,,
,,,,
,,,,
,,,,
,,,,
,,,,
,,,,
,,,,
,,,,
,,,,
,,,,
,,,,
,,,,
,,,,
,,,,
,,,,
,,,,
,,,,
,,,,
,,,,
,,,,
,,,,
,,,,
,,,,
,,,,
,,,,
,,,,
,,,,
,,,,
,,,,
,,,,
,,,,
,,,,