ID,,,Day,Time,LED1 (oC),LED3 (oC),WFL (oC),UV (oC),Air (oC),RH (%),CO2 (ppm)
1,2016,177,6/25,0,23.01,23.17,26.18,23.38,23.26,61.62,393.4
2,2016,177,6/25,15,24.09,24.07,26.57,24.07,23.94,63.33,391.6
3,2016,177,6/25,30,22.29,22.49,25.55,22.66,22.27,64.09,389
4,2016,177,6/25,45,24.41,24.41,27,24.5,24.67,61.19,390.2
5,2016,177,6/25,100,22.21,22.37,25.33,22.46,21.97,65.2,387
6,2016,177,6/25,115,23.54,23.68,26.56,23.86,24.02,60.73,388.7
7,2016,177,6/25,130,23.41,23.43,26.01,23.42,22.99,65.2,386
8,2016,177,6/25,145,22.6,22.79,25.81,22.97,22.7,63.08,386.2
9,2016,177,6/25,200,24.27,24.23,26.7,24.24,24.23,62.78,386.8
10,2016,177,6/25,215,22.17,22.38,25.42,22.53,22.13,64.45,385.3
11,2016,177,6/25,230,24.47,24.45,26.97,24.51,24.64,61.5,387.6
12,2016,177,6/25,245,22.25,22.41,25.35,22.51,22.08,65.1,385.7
13,2016,177,6/25,300,23.49,23.62,26.53,23.81,23.96,60.72,388.5
14,2016,177,6/25,315,23.31,23.33,25.92,23.32,22.88,65.41,387.3
15,2016,177,6/25,330,22.77,22.96,25.95,23.14,22.94,62.53,388.9
16,2016,177,6/25,345,24.12,24.08,26.54,24.07,24,63.46,389.8
17,2016,177,6/25,400,22.42,22.61,25.62,22.76,22.4,64.22,389.5
18,2016,177,6/25,415,24.49,24.44,26.94,24.52,24.62,61.68,391.6
19,2016,177,6/25,430,22.23,22.41,25.36,22.49,22.08,65.22,389.2
20,2016,177,6/25,445,23.73,23.85,26.65,24.02,24.21,60.82,390.7
21,2016,177,6/25,500,23.11,23.17,25.77,23.13,22.65,65.62,387.3
22,2016,177,6/25,515,22.88,23.07,26.04,23.24,23.08,62.29,387.1
23,2016,177,6/25,530,24,23.99,26.43,23.95,23.83,64.04,386.4
24,2016,177,6/25,545,22.41,22.62,25.63,22.77,22.42,63.98,384.7
25,2016,177,6/25,600,24.39,24.35,26.77,24.34,24.4,62.44,384.9
26,2016,177,6/25,615,22.29,22.49,25.46,22.62,22.21,64.89,382.5
27,2016,177,6/25,630,24.28,24.32,26.89,24.42,24.61,61.29,384.5
28,2016,177,6/25,645,22.5,22.63,25.41,22.65,22.16,65.65,382.1
29,2016,177,6/25,700,23.4,23.54,26.41,23.71,23.8,61.29,384
30,2016,177,6/25,715,23.58,23.58,26.07,23.55,23.19,65.6,382.4
31,2016,177,6/25,730,22.81,23.02,25.94,23.16,22.9,63.6,381.1
32,2016,177,6/25,745,24.41,24.37,26.76,24.35,24.34,63.18,380.2
33,2016,177,6/25,800,22.3,22.52,25.44,22.62,22.23,65.28,377.4
34,2016,177,6/25,815,24.21,24.26,26.87,24.37,24.56,61.91,378.7
35,2016,177,6/25,830,22.73,22.83,25.54,22.83,22.34,66.14,376.3
36,2016,177,6/25,845,23.1,23.29,26.19,23.44,23.37,62.52,378
37,2016,177,6/25,900,23.94,23.93,26.37,23.88,23.66,65.6,378.2
38,2016,177,6/25,915,22.58,22.77,25.72,22.9,22.57,64.95,378.2
39,2016,177,6/25,930,24.17,24.19,26.79,24.27,24.41,63.28,380.2
40,2016,177,6/25,945,17.56,17.96,21.82,18.24,17.43,60.64,375
41,2016,177,6/25,1000,14.25,14.59,18.06,14.56,13.57,58.74,371.5
42,2016,177,6/25,1015,13.27,13.5,16.5,13.31,12.3,62.37,369.9
43,2016,177,6/25,1030,13.59,13.83,16.79,13.82,13.2,69.61,371.6
44,2016,177,6/25,1045,13.62,13.85,16.7,13.86,13.33,72.4,373.9
45,2016,177,6/25,1100,13.69,13.89,16.71,13.91,13.5,74.4,375.6
46,2016,177,6/25,1115,13.93,14.11,16.82,14.13,13.68,76.6,376.9
47,2016,177,6/25,1130,13.96,14.09,16.71,14.09,13.58,77.8,378
48,2016,177,6/25,1145,13.61,13.74,16.41,13.71,13.13,77.4,378.3
49,2016,177,6/25,1200,13.31,13.48,16.3,13.5,13.11,77.2,380.1
50,2016,177,6/25,1215,13.34,13.5,16.36,13.54,13.2,77.5,382
51,2016,177,6/25,1230,13.61,13.75,16.57,13.81,13.56,78.5,383.9
52,2016,177,6/25,1245,13.83,13.95,16.71,14.02,13.77,79.5,385.3
53,2016,177,6/25,1300,13.98,14.07,16.7,14.07,13.65,80.5,385.6
54,2016,177,6/25,1315,13.54,13.64,16.36,13.63,13.15,79.5,385.6
55,2016,177,6/25,1330,13.35,13.48,16.32,13.53,13.2,78.9,387.2
56,2016,177,6/25,1345,13.46,13.59,16.43,13.63,13.38,79.1,388.8
57,2016,177,6/25,1400,13.64,13.75,16.57,13.81,13.62,79.6,390.9
58,2016,177,6/25,1415,13.98,14.07,16.79,14.13,13.9,80.9,391.8
59,2016,177,6/25,1430,13.95,14.02,16.69,14.03,13.66,80.8,392.3
60,2016,177,6/25,1445,13.63,13.72,16.43,13.7,13.3,79.9,392.8
61,2016,177,6/25,1500,13.43,13.55,16.36,13.56,13.28,79.5,394.4
62,2016,177,6/25,1515,13.49,13.61,16.43,13.63,13.39,79.5,396.5
63,2016,177,6/25,1530,13.74,13.85,16.62,13.87,13.64,80.4,398.6
64,2016,177,6/25,1545,15.62,15.67,17.96,15.52,15.31,83.8,402.4
65,2016,177,6/25,1600,17.45,17.42,19.77,17.32,17.43,82.8,406.7
66,2016,177,6/25,1615,18.83,18.77,21.16,18.65,18.88,80.1,408.4
67,2016,177,6/25,1630,20.01,19.93,22.36,19.83,20.1,77.2,407.6
68,2016,177,6/25,1645,21.13,21.05,23.5,20.93,21.22,74.5,404.2
69,2016,177,6/25,1700,22.18,22.09,24.57,21.99,22.32,71.4,390.5
70,2016,177,6/25,1715,23.06,22.98,25.49,22.91,23.25,69.62,379
71,2016,177,6/25,1730,23.89,23.81,26.37,23.79,24.12,68.24,370.2
72,2016,177,6/25,1745,22.72,22.84,25.84,22.95,22.98,68.9,363.9
73,2016,177,6/25,1800,23.58,23.54,26.12,23.48,23.46,73.9,360.3
74,2016,177,6/25,1815,22.92,23.04,26.06,23.12,23.18,70.1,360.3
75,2016,177,6/25,1830,23.54,23.55,26.13,23.47,23.33,75.6,359.9
76,2016,177,6/25,1845,22.93,23.1,26.07,23.14,23.12,71.4,361.3
77,2016,177,6/25,1900,23.77,23.79,26.34,23.7,23.58,76.1,362.5
78,2016,177,6/25,1915,22.74,22.94,25.91,22.97,22.81,72.8,363.8
79,2016,177,6/25,1930,24.18,24.17,26.68,24.07,24.09,75.4,365.8
80,2016,177,6/25,1945,22.35,22.59,25.59,22.63,22.32,73.6,366.2
81,2016,177,6/25,2000,24.42,24.42,26.89,24.3,24.41,74.4,368.5
82,2016,177,6/25,2015,22.28,22.54,25.51,22.56,22.2,74.2,367.9
83,2016,177,6/25,2030,24.35,24.4,26.97,24.34,24.57,72.9,370.7
84,2016,177,6/25,2045,22.56,22.75,25.56,22.7,22.23,75.1,369.7
85,2016,177,6/25,2100,23.49,23.63,26.48,23.66,23.79,71.1,371.3
86,2016,177,6/25,2115,23.55,23.62,26.19,23.52,23.17,75.6,369.1
87,2016,177,6/25,2130,22.79,23.01,25.98,23.04,22.87,71.1,367.2
88,2016,177,6/25,2145,24.06,24.09,26.56,23.97,23.9,74.2,365.6
89,2016,177,6/25,2200,22.63,22.86,25.84,22.91,22.61,72,363.3
90,2016,177,6/25,2215,24.51,24.52,26.98,24.42,24.52,72,363.2
91,2016,177,6/25,2230,22.13,22.38,25.35,22.4,21.96,73,361.5
92,2016,177,6/25,2245,24.15,24.23,26.92,24.24,24.49,70.2,363.9
93,2016,177,6/25,2300,22.78,22.93,25.69,22.87,22.37,73.8,363.1
94,2016,177,6/25,2315,23.2,23.37,26.31,23.43,23.45,69.19,365.5
95,2016,177,6/25,2330,23.56,23.62,26.15,23.51,23.2,74.1,366
96,2016,177,6/25,2345,22.84,23.05,26.02,23.12,22.95,69.58,367.8
97,2016,178,6/26,0,23.95,23.97,26.45,23.86,23.72,73.2,369.9
98,2016,178,6/26,15,22.54,22.79,25.79,22.86,22.58,70.3,371.5
99,2016,178,6/26,30,24.26,24.27,26.74,24.16,24.18,71.7,373.5
100,2016,178,6/26,45,22.44,22.68,25.65,22.75,22.38,71.4,374
101,2016,178,6/26,100,24.45,24.47,27.02,24.43,24.62,69.68,376.1
102,2016,178,6/26,115,22.34,22.54,25.45,22.54,22.04,72.2,374.4
103,2016,178,6/26,130,23.77,23.89,26.72,23.96,24.17,68.17,376.5
104,2016,178,6/26,145,23.09,23.19,25.85,23.09,22.59,73,375.7
105,2016,178,6/26,200,23.13,23.32,26.26,23.38,23.31,68.42,377.9
106,2016,178,6/26,215,23.9,23.93,26.44,23.83,23.64,72.2,379.4
107,2016,178,6/26,230,22.63,22.86,25.84,22.95,22.63,69.96,380.2
108,2016,178,6/26,245,24.49,24.47,26.94,24.37,24.43,70,382.1
109,2016,178,6/26,300,22.1,22.36,25.37,22.43,21.99,71,381.8
110,2016,178,6/26,315,24.44,24.47,27.05,24.46,24.66,68.54,384
111,2016,178,6/26,330,22.35,22.55,25.44,22.53,22.02,71.6,382
112,2016,178,6/26,345,23.64,23.77,26.64,23.85,24.04,67.2,383.2
113,2016,178,6/26,400,23.3,23.38,25.97,23.27,22.82,71.9,380.6
114,2016,178,6/26,415,22.89,23.09,26.09,23.18,23.06,67.35,380.9
115,2016,178,6/26,430,23.84,23.86,26.38,23.76,23.6,71,381
116,2016,178,6/26,445,22.68,22.9,25.9,22.98,22.71,68.42,380.9
117,2016,178,6/26,500,24.32,24.3,26.78,24.2,24.23,69.08,381.7
118,2016,178,6/26,515,22.29,22.53,25.56,22.62,22.21,69.36,380.9
119,2016,178,6/26,530,24.58,24.56,27.04,24.48,24.61,67.61,383.1
120,2016,178,6/26,545,22.22,22.47,25.45,22.52,22.1,69.89,382
121,2016,178,6/26,600,24.03,24.13,26.87,24.18,24.42,66.18,384.5
122,2016,178,6/26,615,22.73,22.85,25.6,22.79,22.26,70.7,384.2
123,2016,178,6/26,630,23.38,23.54,26.47,23.64,23.72,65.88,386.3
124,2016,178,6/26,645,23.54,23.57,26.12,23.48,23.12,70.8,386.8
125,2016,178,6/26,700,22.86,23.07,26.05,23.17,22.96,67.24,388.3
126,2016,178,6/26,715,24.14,24.13,26.61,24.03,23.96,69.34,389.8
127,2016,178,6/26,730,22.49,22.73,25.71,22.82,22.44,68.85,389.9
128,2016,178,6/26,745,24.57,24.54,27.02,24.47,24.56,67.53,391.7
129,2016,178,6/26,800,22.31,22.54,25.5,22.58,22.16,69.8,390.2
130,2016,178,6/26,815,23.99,24.09,26.85,24.14,24.36,66.11,391.5
131,2016,178,6/26,830,22.82,22.94,25.63,22.85,22.32,70.8,389.8
132,2016,178,6/26,845,23.34,23.52,26.42,23.59,23.66,65.96,390.9
133,2016,178,6/26,900,23.54,23.59,26.11,23.48,23.12,70.8,390
134,2016,178,6/26,915,22.88,23.1,26.08,23.18,22.99,67.08,390.1
135,2016,178,6/26,930,24.04,24.06,26.57,23.98,23.9,69.59,390
136,2016,178,6/26,945,17.98,18.41,22.34,18.75,18.13,62.91,386.1
137,2016,178,6/26,1000,14.07,14.43,18.04,14.47,13.38,59.84,381.5
138,2016,178,6/26,1015,13.23,13.51,16.56,13.39,12.23,64.16,377.8
139,2016,178,6/26,1030,13.29,13.59,16.62,13.64,12.87,70.6,376.7
140,2016,178,6/26,1045,13.54,13.79,16.71,13.86,13.25,74.1,376
141,2016,178,6/26,1100,13.68,13.88,16.75,13.99,13.55,76.3,375.4
142,2016,178,6/26,1115,13.94,14.11,16.83,14.17,13.67,78.7,374.5
143,2016,178,6/26,1130,13.88,14,16.65,14.01,13.43,79.5,373.7
144,2016,178,6/26,1145,13.32,13.47,16.28,13.51,12.99,78.8,373.4
145,2016,178,6/26,1200,13.3,13.45,16.32,13.54,13.13,78.8,373.8
146,2016,178,6/26,1215,13.48,13.62,16.47,13.71,13.43,79.3,374.6
147,2016,178,6/26,1230,14.03,14.14,16.88,14.25,14.04,81.3,374.9
148,2016,178,6/26,1245,13.95,14.02,16.64,14.03,13.5,81.8,374.4
149,2016,178,6/26,1300,13.4,13.52,16.33,13.58,13.21,80.1,375
150,2016,178,6/26,1315,13.44,13.57,16.41,13.64,13.33,80,375.6
151,2016,178,6/26,1330,13.62,13.73,16.57,13.81,13.6,80.4,376.4
152,2016,178,6/26,1345,13.94,14.04,16.82,14.14,13.98,81.4,378.4
153,2016,178,6/26,1400,14.08,14.14,16.76,14.15,13.74,82.3,379.2
154,2016,178,6/26,1415,13.41,13.52,16.31,13.53,13.14,80.6,381.1
155,2016,178,6/26,1430,13.5,13.62,16.46,13.67,13.4,80.6,384.3
156,2016,178,6/26,1445,13.58,13.7,16.54,13.75,13.55,80.4,386.2
157,2016,178,6/26,1500,13.84,13.95,16.77,14.03,13.92,81.1,388.1
158,2016,178,6/26,1515,14.12,14.2,16.88,14.23,13.94,82.2,390.5
159,2016,178,6/26,1530,13.79,13.87,16.54,13.82,13.39,81.4,392.6
160,2016,178,6/26,1545,16.5,16.5,18.85,16.39,16.42,84.2,398.8
161,2016,178,6/26,1600,17.98,17.94,20.31,17.82,17.98,82.6,402.8
162,2016,178,6/26,1615,19.22,19.16,21.57,19.02,19.27,79.8,405.1
163,2016,178,6/26,1630,20.31,20.24,22.69,20.11,20.4,77.2,406.3
164,2016,178,6/26,1645,21.32,21.22,23.72,21.12,21.42,74.9,407.2
165,2016,178,6/26,1700,23.15,23.02,25.13,22.56,23.06,70.4,436
166,2016,178,6/26,1715,25.28,24.93,27.03,24.54,25.44,64.22,556.5
167,2016,178,6/26,1730,23.89,23.73,26.06,23.53,24.18,64.27,591.6
168,2016,178,6/26,1745,22.96,23.02,25.77,23.05,23.53,65.22,569.5
169,2016,178,6/26,1800,24.5,24.33,26.78,24.25,24.19,70.7,545.2
170,2016,178,6/26,1815,22.63,22.76,25.56,22.78,22.68,70.3,516.2
171,2016,178,6/26,1830,23.59,23.63,26.42,23.68,23.94,67.59,499.3
172,2016,178,6/26,1845,23.69,23.63,26.15,23.54,23.12,71.4,478.8
173,2016,178,6/26,1900,22.9,23.03,25.88,23.09,23.03,67.96,460.6
174,2016,179,6/27,15,22.06,22.34,24.84,22.5,22.73,72.7,580.1
175,2016,179,6/27,30,23.8,23.87,26.09,23.84,23.27,81.3,398.2
176,2016,179,6/27,45,23,23.22,25.77,23.21,23.1,76.4,401.9
177,2016,179,6/27,100,24.25,24.31,26.48,24.2,23.86,82.2,406.9
178,2016,179,6/27,115,22.89,23.15,25.69,23.1,22.97,77.1,411.3
179,2016,179,6/27,130,24.39,24.45,26.62,24.31,24.05,82.5,415
180,2016,179,6/27,145,22.74,23.03,25.55,22.95,22.79,78,417.5
181,2016,179,6/27,200,24.6,24.65,26.81,24.49,24.31,82.3,422.2
182,2016,179,6/27,215,22.43,22.76,25.29,22.66,22.45,78.4,425
183,2016,179,6/27,230,24.55,24.64,26.84,24.49,24.4,82,429.4
184,2016,179,6/27,245,22.44,22.75,25.23,22.62,22.31,79.1,431
185,2016,179,6/27,300,24.46,24.58,26.81,24.42,24.42,81.6,436.2
186,2016,179,6/27,315,22.72,22.99,25.42,22.84,22.48,80.1,438.7
187,2016,179,6/27,330,23.93,24.12,26.51,23.99,24.18,79.6,443.7
188,2016,179,6/27,345,23.25,23.45,25.73,23.25,22.73,82.1,446.5
189,2016,179,6/27,400,23.56,23.78,26.23,23.64,23.79,78.5,450.7
190,2016,179,6/27,415,23.64,23.8,26.01,23.61,23.15,83.1,452.6
191,2016,179,6/27,430,23.23,23.49,25.99,23.35,23.43,77.7,455.4
192,2016,179,6/27,445,23.71,23.87,26.05,23.68,23.27,83.2,455.8
193,2016,179,6/27,500,23.32,23.56,26.04,23.42,23.49,77.7,455.9
194,2016,179,6/27,515,23.89,24.02,26.19,23.83,23.47,82.8,454.6
195,2016,179,6/27,530,23.07,23.34,25.85,23.23,23.21,77.1,454.8
196,2016,179,6/27,545,23.99,24.11,26.27,23.91,23.61,82.3,450.8
197,2016,179,6/27,600,23.04,23.31,25.83,23.19,23.17,76.6,448.6
198,2016,179,6/27,615,24.06,24.17,26.34,23.97,23.69,81.8,448.4
199,2016,179,6/27,630,22.95,23.24,25.77,23.13,23.08,76.4,448.2
200,2016,179,6/27,645,24.17,24.26,26.43,24.07,23.82,81.5,448.9
201,2016,179,6/27,700,22.85,23.15,25.66,23.04,22.94,76.5,448.4
202,2016,179,6/27,715,24.32,24.4,26.54,24.2,23.99,81,449.2
203,2016,179,6/27,730,22.7,23.01,25.54,22.91,22.76,76.8,447.9
204,2016,179,6/27,745,24.5,24.55,26.7,24.35,24.2,80.3,447.5
205,2016,179,6/27,800,22.51,22.84,25.39,22.75,22.57,76.7,445.9
206,2016,179,6/27,815,24.6,24.64,26.79,24.45,24.32,79.8,446.5
207,2016,179,6/27,830,22.43,22.78,25.31,22.67,22.46,77,445.3
208,2016,179,6/27,845,24.58,24.65,26.84,24.47,24.44,79.1,446.5
209,2016,179,6/27,900,22.51,22.82,25.31,22.69,22.38,77.5,444.6
210,2016,179,6/27,915,24.33,24.45,26.76,24.31,24.43,77.7,446.1
211,2016,179,6/27,930,22.84,23.07,25.48,22.94,22.49,78.4,444.4
212,2016,179,6/27,945,19.34,19.73,23.02,19.97,20.16,68.78,441.6
213,2016,179,6/27,1000,14.5,14.87,18.18,14.96,14.43,61.27,434.5
214,2016,179,6/27,1015,13.23,13.47,16.34,13.5,12.55,64.96,428.5
215,2016,179,6/27,1030,13.63,13.89,16.67,14.03,13.52,71.6,424.4
216,2016,179,6/27,1045,13.73,13.96,16.66,14.09,13.69,74.7,420.5
217,2016,179,6/27,1100,13.92,14.11,16.73,14.24,13.9,77.5,416.9
218,2016,179,6/27,1115,14.02,14.15,16.7,14.27,13.85,79.1,414.3
219,2016,179,6/27,1130,13.96,14.06,16.63,14.18,13.75,79.6,411.9
220,2016,179,6/27,1145,13.8,13.89,16.47,13.99,13.51,79.7,410.9
221,2016,179,6/27,1200,13.41,13.54,16.23,13.67,13.38,79,410.1
222,2016,179,6/27,1215,13.49,13.62,16.32,13.75,13.51,79.7,410.1
223,2016,179,6/27,1230,13.61,13.72,16.4,13.85,13.68,80.3,410.8
224,2016,179,6/27,1245,13.76,13.86,16.52,14,13.87,81.2,414.9
225,2016,179,6/27,1300,14.02,14.09,16.69,14.22,13.94,82.6,419.3
226,2016,179,6/27,1315,13.95,13.98,16.56,14.08,13.72,82.4,422.9
227,2016,179,6/27,1330,13.64,13.69,16.32,13.77,13.46,81.2,426.6
228,2016,179,6/27,1345,13.48,13.57,16.27,13.68,13.49,80.7,428.8
229,2016,179,6/27,1400,13.56,13.65,16.37,13.77,13.58,81,430.9
230,2016,179,6/27,1415,13.64,13.72,16.46,13.84,13.7,81.1,431.5
231,2016,179,6/27,1430,13.72,13.8,16.55,13.92,13.85,81.4,432.3
232,2016,179,6/27,1445,13.98,14.03,16.69,14.15,13.95,82.5,434.3
233,2016,179,6/27,1500,13.97,14,16.62,14.09,13.77,82.5,436.2
234,2016,179,6/27,1515,13.6,13.64,16.32,13.71,13.4,81.1,437.3
235,2016,179,6/27,1530,13.45,13.56,16.29,13.62,13.46,80.6,437.9
236,2016,179,6/27,1545,16.11,16.16,18.36,15.99,15.8,86.7,439.2
237,2016,179,6/27,1600,17.69,17.72,19.9,17.5,17.48,86.3,439.9
238,2016,179,6/27,1615,18.98,18.98,21.19,18.72,18.82,84,438.7
239,2016,179,6/27,1630,20.11,20.07,22.36,19.82,19.97,81.4,437.2
240,2016,179,6/27,1645,21.13,21.07,23.4,20.84,21,79.3,435.3
241,2016,179,6/27,1700,22.08,22,24.38,21.78,21.99,77.1,432
242,2016,179,6/27,1715,23.68,23.46,25.65,23.09,23.52,72.9,446.2
243,2016,179,6/27,1730,24.07,23.89,26.36,23.69,24.85,63.75,525.3
244,2016,179,6/27,1745,24.24,23.89,26.59,24.18,23.95,73,650.5
245,2016,179,6/27,1800,22.88,22.85,26.02,23.01,22.88,72.6,755
246,2016,179,6/27,1815,23.36,23.33,26.8,23.59,23.64,70.5,751
247,2016,179,6/27,1830,23.82,23.65,26.85,23.9,23.5,75.5,728
248,2016,179,6/27,1845,22.71,22.81,26.35,22.99,22.77,72.8,706
249,2016,179,6/27,1900,24.09,24,27.28,24.24,24.31,74.1,686.4
250,2016,179,6/27,1915,22.88,22.93,26.2,23.08,22.54,75.8,663.2
251,2016,179,6/27,1930,23.09,23.19,26.64,23.38,23.26,72.6,641.4
252,2016,179,6/27,1945,24.23,24.09,27.2,24.31,24.01,76.9,622
253,2016,179,6/27,2000,22.42,22.64,26.04,22.74,22.41,74.8,603.6
254,2016,179,6/27,2015,23.68,23.72,27.03,23.91,24.01,74.1,590.2
255,2016,179,6/27,2030,23.38,23.38,26.49,23.52,22.91,77.7,575
256,2016,179,6/27,2045,22.92,23.07,26.47,23.22,23.01,73.5,558.4
257,2016,179,6/27,2100,17.88,17.67,20.32,18.03,21.78,62.95,462.2
258,2016,179,6/27,2115,22.42,22.65,26.03,22.74,22.39,74.8,523
259,2016,179,6/27,2130,23.62,23.68,27.03,23.88,23.97,73.6,514.6
260,2016,179,6/27,2145,23.51,23.49,26.61,23.65,23.07,77.3,507.1
261,2016,179,6/27,2200,22.78,22.96,26.39,23.11,22.85,73.5,500.5
262,2016,179,6/27,2215,24.41,24.28,27.34,24.5,24.3,76.7,496.3
263,2016,179,6/27,2230,22.29,22.54,25.94,22.62,22.22,75,490.2
264,2016,179,6/27,2245,23.64,23.7,27.03,23.88,23.99,73.8,486.8
265,2016,179,6/27,2300,23.34,23.35,26.47,23.49,22.87,77.8,482.2
266,2016,179,6/27,2315,22.83,23,26.42,23.14,22.94,73.3,478.2
267,2016,179,6/27,2330,24.16,24.06,27.08,24.24,23.95,77.7,474.9
268,2016,179,6/27,2345,22.51,22.75,26.13,22.83,22.5,74.8,471.5
269,2016,180,6/28,0,24.07,24.06,27.26,24.24,24.32,75.3,470.3
270,2016,180,6/28,15,22.73,22.85,26.05,22.95,22.31,76.9,466.7
271,2016,180,6/28,30,23.28,23.4,26.76,23.56,23.52,73.3,465
272,2016,180,6/28,45,23.81,23.77,26.79,23.91,23.47,78,461.3
273,2016,180,6/28,100,22.72,22.93,26.28,23.02,22.75,74.2,457.1
274,2016,180,6/28,115,24.39,24.3,27.36,24.49,24.45,76,455.1
275,2016,180,6/28,130,22.48,22.69,25.97,22.75,22.26,75.9,452.6
276,2016,180,6/28,145,23.52,23.61,26.91,23.77,23.83,73.4,451
277,2016,180,6/28,200,23.52,23.52,26.55,23.63,23.08,78.2,449.2
278,2016,180,6/28,215,22.9,23.09,26.44,23.18,22.98,73.7,448.6
279,2016,180,6/28,230,24.24,24.14,27.14,24.3,24.03,78,447.9
280,2016,180,6/28,245,22.43,22.7,26.04,22.73,22.38,75.2,447
281,2016,180,6/28,300,24.27,24.23,27.32,24.39,24.44,76.4,447.2
282,2016,180,6/28,315,22.57,22.76,25.96,22.79,22.2,77.3,446.4
283,2016,180,6/28,330,23.53,23.63,26.9,23.74,23.82,74.3,447.3
284,2016,180,6/28,345,23.45,23.48,26.49,23.55,22.99,79.2,447.1
285,2016,180,6/28,400,22.9,23.11,26.43,23.17,22.98,74.5,447
286,2016,180,6/28,415,24.08,24.03,26.98,24.14,23.85,79.2,446.9
287,2016,180,6/28,430,22.58,22.84,26.17,22.86,22.56,75.2,447
288,2016,180,6/28,445,24.46,24.35,27.31,24.5,24.33,78.4,447.3
289,2016,180,6/28,500,22.34,22.64,25.91,22.61,22.25,76.3,446
290,2016,180,6/28,515,24.1,24.12,27.25,24.24,24.35,76.2,446.7
291,2016,180,6/28,530,22.81,22.96,26.06,22.98,22.37,78.1,445.4
292,2016,180,6/28,545,23.35,23.5,26.74,23.57,23.55,74.5,446.3
293,2016,180,6/28,600,23.75,23.75,26.72,23.82,23.39,79.3,446.4
294,2016,180,6/28,615,22.74,22.99,26.29,23.03,22.78,74.5,447.4
295,2016,180,6/28,630,24.18,24.12,27.03,24.22,23.99,78.8,448
296,2016,180,6/28,645,22.51,22.79,26.06,22.79,22.47,75.3,447.4
297,2016,180,6/28,700,24.5,24.39,27.34,24.54,24.41,77.7,447.9
298,2016,180,6/28,715,22.34,22.62,25.89,22.61,22.23,76.2,446.6
299,2016,180,6/28,730,24.12,24.13,27.24,24.26,24.37,75.7,446
300,2016,180,6/28,745,22.91,23.04,26.11,23.08,22.49,77.7,443.1
301,2016,180,6/28,800,23.38,23.52,26.75,23.61,23.58,74.1,441.6
302,2016,180,6/28,815,23.87,23.86,26.79,23.94,23.51,78.7,440.3
303,2016,180,6/28,830,22.75,22.99,26.27,23.02,22.77,74.3,439.3
304,2016,180,6/28,845,24.67,24.6,27.38,24.58,24.48,76.7,502
305,2016,180,6/28,900,22.63,23.05,25.76,22.72,22.52,75,639.2
306,2016,180,6/28,915,23.68,23.98,26.49,23.65,23.74,73.5,718
307,2016,180,6/28,930,24.05,24.25,26.27,24.02,23.66,78.6,777
308,2016,180,6/28,945,21.74,22.11,22.98,22.66,21.95,72,783
309,2016,180,6/28,1000,16.06,16.44,18.14,17.9,15.34,64.63,732
310,2016,180,6/28,1015,15.03,15.32,16.48,15.99,13.92,70,699.3
311,2016,180,6/28,1030,15.15,15.49,16.38,15.86,14.6,76,676.7
312,2016,180,6/28,1045,15.22,15.51,16.22,15.62,14.76,79,656
313,2016,180,6/28,1100,15.39,15.63,16.18,15.5,14.97,81.1,635.7
314,2016,180,6/28,1115,15.56,15.75,16.12,15.6,15.13,82.2,627.7
315,2016,180,6/28,1130,15.74,15.9,16.16,16.01,15.34,84.2,609.5
316,2016,180,6/28,1145,15.58,15.69,15.89,15.64,14.87,84.9,593.8
317,2016,180,6/28,1200,15.11,15.27,15.64,15.3,14.71,83.5,579.8
318,2016,180,6/28,1215,15.33,15.46,15.77,15.5,14.96,84.3,567.2
319,2016,180,6/28,1230,15.77,15.89,16.05,15.87,15.49,85.7,558.1
320,2016,180,6/28,1245,15.85,15.99,16.04,16.02,15.31,86.7,552.4
321,2016,180,6/28,1300,15.3,15.44,15.65,15.46,14.75,85.5,544.8
322,2016,180,6/28,1315,15.2,15.36,15.63,15.4,14.83,85.1,537.1
323,2016,180,6/28,1330,15.45,15.6,15.81,15.67,15.17,85.7,530.2
324,2016,180,6/28,1345,15.78,15.92,16.03,16,15.52,87.1,524.4
325,2016,180,6/28,1400,15.74,15.85,15.88,15.89,15.13,87.2,518.9
326,2016,180,6/28,1415,15.19,15.35,15.58,15.39,14.82,85.3,512.3
327,2016,180,6/28,1430,15.29,15.45,15.67,15.5,14.95,85.5,505.3
328,2016,180,6/28,1445,15.57,15.72,15.87,15.78,15.37,86.3,497.3
329,2016,180,6/28,1500,15.92,16.04,16.03,16.12,15.44,88.1,491.2
330,2016,180,6/28,1515,15.27,15.4,15.56,15.44,14.77,85.9,482.8
331,2016,180,6/28,1530,15.62,15.76,16.13,15.78,15.11,86.5,476.2
332,2016,180,6/28,1545,17.85,18.02,20.11,17.87,17.68,89.1,465.6
333,2016,180,6/28,1600,19.71,19.79,21.85,19.46,19.67,86.5,460.3
334,2016,180,6/28,1615,22.68,22.69,24.45,22.15,22.87,78.8,459.2
335,2016,180,6/28,1630,24.77,24.81,26.64,24.3,25.14,74.1,458.3
336,2016,180,6/28,1645,24.25,24.5,26.83,24.01,24.74,70.4,456.4
337,2016,180,6/28,1700,24.99,25.22,27.37,24.69,25.25,75.3,454.2
338,2016,180,6/28,1715,24.37,24.61,26.79,24.11,24.06,74.8,452.1
339,2016,180,6/28,1730,24.01,24.35,26.72,23.82,24,73,451.3
340,2016,180,6/28,1745,24.31,24.62,26.98,24.09,24.38,73.3,450.1
341,2016,180,6/28,1800,24.53,24.87,27.27,24.38,24.77,74.4,448.3
342,2016,180,6/28,1815,23.57,23.85,26.46,23.66,23.21,79.8,446.2
343,2016,180,6/28,1830,23.67,23.98,26.8,23.8,23.92,79.1,445
344,2016,180,6/28,1845,24.21,24.43,26.98,24.26,24.1,82.8,443.3
345,2016,180,6/28,1900,23.23,23.56,26.44,23.41,23.34,79,441.5
346,2016,180,6/28,1915,24.61,24.8,27.33,24.62,24.65,82.8,441.3
347,2016,180,6/28,1930,22.92,23.27,26.22,23.15,22.95,79.3,440.4
348,2016,180,6/28,1945,24.55,24.78,27.4,24.61,24.87,81.7,440.3
349,2016,180,6/28,2000,22.99,23.3,26.12,23.18,22.77,80.4,439.2
350,2016,180,6/28,2015,24.01,24.31,27.1,24.14,24.46,79.9,439.5
351,2016,180,6/28,2030,23.58,23.84,26.49,23.7,23.25,82.3,439.2
352,2016,180,6/28,2045,23.67,23.96,26.83,23.82,23.92,79.3,439.7
353,2016,180,6/28,2100,24.22,24.44,27.02,24.28,24.1,83.1,441
354,2016,180,6/28,2115,23.2,23.53,26.46,23.42,23.27,79.4,442.5
355,2016,180,6/28,2130,24.64,24.87,27.44,24.69,24.81,82.6,443.7
356,2016,180,6/28,2145,22.95,23.3,26.17,23.18,22.85,80.1,443.5
357,2016,180,6/28,2200,24.08,24.37,27.16,24.21,24.51,80.1,444.5
358,2016,180,6/28,2215,23.63,23.9,26.55,23.76,23.31,82.3,443
359,2016,180,6/28,2230,23.54,23.86,26.72,23.72,23.75,79.1,442.4
360,2016,180,6/28,2245,24.24,24.47,27.03,24.31,24.15,83,441.7
361,2016,180,6/28,2300,23.13,23.48,26.41,23.36,23.21,78.8,440
362,2016,180,6/28,2315,24.6,24.8,27.34,24.63,24.65,82.4,438
363,2016,180,6/28,2330,22.9,23.27,26.2,23.15,22.91,79.1,437.7
364,2016,180,6/28,2345,24.62,24.85,27.48,24.68,24.93,81.2,438.7
365,2016,181,6/29,0,22.96,23.29,26.15,23.18,22.76,80,437.6
366,2016,181,6/29,15,24,24.29,27.13,24.15,24.44,79.3,437.7
367,2016,181,6/29,30,23.61,23.87,26.53,23.74,23.27,82.1,436.3
368,2016,181,6/29,45,23.61,23.92,26.82,23.79,23.87,78.4,434.3
369,2016,181,6/29,100,24.1,24.33,26.92,24.18,23.97,82.3,432.9
370,2016,181,6/29,115,23.21,23.55,26.48,23.43,23.3,78.3,429.8
371,2016,181,6/29,130,24.46,24.67,27.22,24.49,24.46,82.6,425.7
372,2016,181,6/29,145,22.8,23.19,26.11,23.02,22.8,78.9,421
373,2016,181,6/29,200,24.58,24.77,27.26,24.54,24.63,83,420
374,2016,181,6/29,215,22.75,23.14,26.06,22.94,22.73,79.1,419.7
375,2016,181,6/29,230,24.57,24.77,27.27,24.55,24.62,83.5,419.2
376,2016,181,6/29,245,22.8,23.17,26.1,23,22.78,79.5,417.7
377,2016,181,6/29,300,24.54,24.76,27.2,24.53,24.6,83.8,413.8
378,2016,181,6/29,315,22.83,23.2,26.06,23,22.8,79.6,409
379,2016,181,6/29,330,24.41,24.63,27.07,24.39,24.41,84.3,408.9
380,2016,181,6/29,345,23.1,23.46,26.28,23.23,23.14,79.8,410.7
381,2016,181,6/29,400,24.29,24.52,26.95,24.27,24.24,84.6,413.2
382,2016,181,6/29,415,23.34,23.67,26.44,23.44,23.41,80.2,414.7
383,2016,181,6/29,430,24.22,24.45,26.9,24.21,24.13,84.8,415.8
384,2016,181,6/29,445,23.4,23.73,26.5,23.49,23.48,80.4,416.5
385,2016,181,6/29,500,24.19,24.43,26.88,24.19,24.08,85,416.9
386,2016,181,6/29,515,23.39,23.73,26.49,23.49,23.47,80.7,417.1
387,2016,181,6/29,530,24.18,24.43,26.88,24.19,24.07,85.1,418
388,2016,181,6/29,545,23.45,23.78,26.56,23.54,23.55,80.7,419.8
389,2016,181,6/29,600,24.15,24.41,26.85,24.17,24.02,85.1,422.7
390,2016,181,6/29,615,23.43,23.78,26.54,23.53,23.58,80.5,425.3
391,2016,181,6/29,630,23.92,24.18,26.64,23.94,23.7,85.2,427.4
392,2016,181,6/29,645,23.96,24.27,26.94,24,24.27,81.3,430.1
393,2016,181,6/29,700,23.74,24.03,26.51,23.79,23.4,84.8,431.2
394,2016,181,6/29,715,24.01,24.31,26.98,24.05,24.33,81.7,433.7
395,2016,181,6/29,730,23.71,24,26.48,23.77,23.35,84.8,434.7
396,2016,181,6/29,745,24,24.32,26.98,24.05,24.33,81.8,435.9
397,2016,181,6/29,800,23.65,23.95,26.43,23.71,23.27,84.8,435.5
398,2016,181,6/29,815,24.16,24.47,27.08,24.19,24.52,82.2,434.7
399,2016,181,6/29,830,23.68,23.97,26.47,23.73,23.28,84.6,433.4
400,2016,181,6/29,845,24.02,24.24,27.03,24.06,24.31,81,494.2
401,2016,181,6/29,900,23.88,24.1,26.75,23.95,23.57,84.5,508.5
402,2016,181,6/29,915,23.78,24,26.89,23.86,23.96,81.5,502.7
403,2016,181,6/29,930,24.21,24.41,26.62,24.26,24.07,85.1,498.5
404,2016,181,6/29,945,21.36,21.51,22.37,21.48,21.41,77.4,520.3
405,2016,181,6/29,1000,15.26,15.28,16.53,15.54,14.16,66.25,512
406,2016,181,6/29,1015,15.51,15.75,16.21,15.51,14.33,76,503.5
407,2016,181,6/29,1030,15.07,15.33,15.79,15.15,14.35,78.6,496.8
408,2016,181,6/29,1045,15.21,15.44,15.82,15.26,14.67,81.3,491.6
409,2016,181,6/29,1100,15.7,15.9,16.15,15.67,15.32,84.1,487.9
410,2016,181,6/29,1115,16.03,16.22,16.33,15.92,15.48,87.3,486.5
411,2016,181,6/29,1130,15.32,15.45,15.64,15.18,14.61,85.5,482.4
412,2016,181,6/29,1145,15.3,15.43,15.67,15.21,14.87,85.5,478.5
413,2016,181,6/29,1200,15.65,15.77,15.96,15.56,15.38,86.7,476
414,2016,181,6/29,1215,16.07,16.16,16.2,15.87,15.41,89.3,473.9
415,2016,181,6/29,1230,15.37,15.48,15.64,15.27,14.86,86.5,474.1
416,2016,181,6/29,1245,15.26,15.45,15.65,15.38,14.93,86.4,492.1
417,2016,181,6/29,1300,15.55,15.74,15.92,15.69,15.36,87.4,490.8
418,2016,181,6/29,1315,15.91,16.14,16.2,16.06,15.57,89.4,487.6
419,2016,181,6/29,1330,15.26,15.47,15.62,15.42,14.8,87.4,486.6
420,2016,181,6/29,1345,15.21,15.4,15.62,15.38,14.89,86.9,484.1
421,2016,181,6/29,1400,15.46,15.65,15.85,15.63,15.27,87.5,481.1
422,2016,181,6/29,1415,15.85,16.08,16.17,16.04,15.57,89.3,479.3
423,2016,181,6/29,1430,15.35,15.57,15.71,15.54,14.9,87.6,477.1
424,2016,181,6/29,1445,15.15,15.34,15.57,15.34,14.84,86.7,474.2
425,2016,181,6/29,1500,15.31,15.5,15.72,15.5,15.06,87.1,470.6
426,2016,181,6/29,1515,15.69,15.92,16.06,15.89,15.54,88.6,465.7
427,2016,181,6/29,1530,15.61,15.83,16.2,15.81,15.03,88.9,461.5
428,2016,181,6/29,1545,17.8,18,20.13,18,17.72,90.1,460.3
429,2016,181,6/29,1600,19.44,19.61,21.83,19.65,19.52,87.6,459.7
430,2016,181,6/29,1615,22.07,22.27,24.37,22.52,22.46,80.6,458.8
431,2016,181,6/29,1630,23.99,24.22,26.46,24.61,24.62,76.2,457.7
432,2016,181,6/29,1645,24.17,24.49,27.17,24.68,25.06,71.8,456.2
433,2016,181,6/29,1700,24.62,24.93,27.46,25.13,24.88,77.8,454
434,2016,181,6/29,1715,23.64,23.96,26.77,24,23.72,75.7,452.6
435,2016,181,6/29,1730,23.7,24.01,26.9,24,23.95,74.7,452.1
436,2016,181,6/29,1745,23.99,24.3,27.17,24.28,24.31,75.1,451.2
437,2016,181,6/29,1800,24.19,24.5,27.36,24.46,24.58,75.9,448.9
438,2016,181,6/29,1815,23.33,23.61,26.37,23.49,23.06,80.5,446.2
439,2016,181,6/29,1830,23.92,24.13,27.06,24.01,24.34,80.3,446.3
440,2016,181,6/29,1845,23.83,24.05,26.74,23.98,23.63,83.6,445.6
441,2016,181,6/29,1900,23.51,23.71,26.69,23.56,23.7,80.3,445.3
442,2016,181,6/29,1915,24.3,24.52,27.16,24.48,24.31,84.3,445
443,2016,181,6/29,1930,23.21,23.41,26.42,23.24,23.25,80.7,444.7
444,2016,181,6/29,1945,24.64,24.85,27.48,24.82,24.81,84.4,445.4
445,2016,181,6/29,2000,23,23.19,26.18,23,22.89,81.4,444.2
446,2016,181,6/29,2015,24.3,24.52,27.33,24.42,24.73,82.8,444.7
447,2016,181,6/29,2030,23.41,23.63,26.43,23.51,23.09,83.3,444.2
448,2016,181,6/29,2045,23.77,23.97,26.9,23.82,24.03,81.5,444.6
449,2016,181,6/29,2100,24.1,24.33,26.97,24.25,23.97,84.8,444.5
450,2016,181,6/29,2115,23.36,23.55,26.54,23.37,23.43,81.1,442.6
451,2016,181,6/29,2130,24.47,24.7,27.29,24.63,24.51,85.1,440.5
452,2016,181,6/29,2145,23.13,23.32,26.31,23.12,23.09,81.3,438
453,2016,181,6/29,2200,24.68,24.91,27.5,24.85,24.85,84.8,437.2
454,2016,181,6/29,2215,22.98,23.19,26.16,22.99,22.87,81.6,436.7
455,2016,181,6/29,2230,24.37,24.58,27.36,24.47,24.76,83.3,436.6
456,2016,181,6/29,2245,23.3,23.52,26.32,23.37,22.98,83.1,435.7
457,2016,181,6/29,2300,23.94,24.13,27.06,23.99,24.29,81.7,434.6
458,2016,181,6/29,2315,23.79,24.02,26.71,23.91,23.52,84.6,433.6
459,2016,181,6/29,2330,23.59,23.76,26.68,23.58,23.74,81.6,434.8
460,2016,181,6/29,2345,24.1,24.32,26.91,24.2,23.96,85.9,435.4
461,2016,182,6/30,0,23.53,23.7,26.63,23.51,23.6,81.9,434.9
462,2016,182,6/30,15,24.33,24.54,27.11,24.43,24.26,86,434.9
463,2016,182,6/30,30,23.28,23.46,26.41,23.23,23.26,82,437.1
464,2016,182,6/30,45,24.48,24.68,27.25,24.59,24.49,86.1,438.5
465,2016,182,6/30,100,23.14,23.31,26.29,23.09,23.09,82.2,438.5
466,2016,182,6/30,115,24.57,24.78,27.35,24.69,24.63,86.1,438.2
467,2016,182,6/30,130,23.1,23.28,26.26,23.05,23.03,82.3,437.3
468,2016,182,6/30,145,24.64,24.84,27.4,24.74,24.72,86,436.4
469,2016,182,6/30,200,23.06,23.22,26.2,22.98,22.96,82.3,434.3
470,2016,182,6/30,215,24.68,24.88,27.43,24.78,24.77,86.2,434.8
471,2016,182,6/30,230,23.03,23.2,26.17,22.94,22.91,82.8,435.5
472,2016,182,6/30,245,24.69,24.87,27.43,24.77,24.76,86.5,437.6
473,2016,182,6/30,300,23.04,23.19,26.16,22.94,22.91,83,438.3
474,2016,182,6/30,315,24.67,24.85,27.41,24.74,24.73,86.8,439.9
475,2016,182,6/30,330,23.06,23.21,26.17,22.95,22.93,83.3,441.1
476,2016,182,6/30,345,24.63,24.82,27.37,24.7,24.67,87.2,441.7
477,2016,182,6/30,400,23.14,23.29,26.22,23.04,23.03,83.4,442.4
478,2016,182,6/30,415,24.58,24.75,27.28,24.63,24.58,87.3,443.4
479,2016,182,6/30,430,23.19,23.32,26.25,23.06,23.09,83.7,444.5
480,2016,182,6/30,445,24.45,24.62,27.16,24.48,24.39,87.9,445.9
481,2016,182,6/30,500,23.47,23.6,26.49,23.37,23.45,84.1,446.6
482,2016,182,6/30,515,24.4,24.57,27.11,24.43,24.3,87.9,447.8
483,2016,182,6/30,530,23.49,23.62,26.51,23.38,23.46,84.1,448.5
484,2016,182,6/30,545,24.39,24.56,27.1,24.42,24.3,87.7,449.5
485,2016,182,6/30,600,23.42,23.54,26.44,23.3,23.39,83.7,451.1
486,2016,182,6/30,615,24.31,24.49,27.02,24.34,24.2,87.6,452.9
487,2016,182,6/30,630,23.57,23.68,26.58,23.47,23.62,83.5,453.4
488,2016,182,6/30,645,24.19,24.37,26.9,24.22,24.03,87.4,453.5
489,2016,182,6/30,700,23.69,23.81,26.68,23.61,23.78,83.6,453.4
490,2016,182,6/30,715,24.1,24.28,26.81,24.13,23.89,87.2,453.1
491,2016,182,6/30,730,23.77,23.89,26.75,23.69,23.91,83.6,453.3
492,2016,182,6/30,745,24.03,24.21,26.77,24.06,23.78,87.1,453.5
493,2016,182,6/30,800,23.88,24.01,26.84,23.81,24.06,83.7,454.3
494,2016,182,6/30,815,23.97,24.15,26.72,23.99,23.69,86.9,455
495,2016,182,6/30,830,23.86,24,26.8,23.78,24.04,83.6,460.7
496,2016,182,6/30,845,24.05,24.25,26.03,24.07,23.74,86.7,496.9
497,2016,182,6/30,900,23.98,24.25,25.79,23.95,24.22,83.9,566.1
498,2016,182,6/30,915,23.92,24.11,25.61,23.93,23.54,87,558.6
499,2016,182,6/30,930,24.53,24.77,26.26,24.65,24.86,85.2,570.4
500,2016,182,6/30,945,17.21,17.54,18.86,17.93,16.47,70.5,600.2
501,2016,182,6/30,1000,13.4,13.75,14.85,13.99,11.9,67.9,588.6
502,2016,182,6/30,1015,15.07,15.43,15.93,15.6,14.5,79.1,577.9
503,2016,182,6/30,1030,15.31,15.57,15.91,15.68,14.48,83.8,568.5
504,2016,182,6/30,1045,14.57,14.82,15.23,14.97,13.8,83.4,559.6
505,2016,182,6/30,1100,14.65,14.91,15.28,15.07,14.13,84.6,549.5
506,2016,182,6/30,1115,15.03,15.26,15.57,15.36,14.66,86.5,536.1
507,2016,182,6/30,1130,15.53,15.66,15.84,15.76,14.86,89.6,523
508,2016,182,6/30,1145,14.53,14.73,15.09,14.83,14.05,86.7,512.8
509,2016,182,6/30,1200,14.85,15.02,15.34,15.14,14.47,87.5,505.2
510,2016,182,6/30,1215,15.6,15.72,15.88,15.85,15.15,90.7,498.5
511,2016,182,6/30,1230,14.56,14.71,15.01,14.8,13.99,87.7,492.6
512,2016,182,6/30,1245,14.81,15,15.29,15.19,14.44,88.5,493.8
513,2016,182,6/30,1300,15.39,15.54,15.73,15.73,15.13,90.5,488.5
514,2016,182,6/30,1315,14.81,14.93,15.17,15.11,14.17,89.5,482.1
515,2016,182,6/30,1330,14.75,14.93,15.21,15.14,14.38,88.7,474.5
516,2016,182,6/30,1345,15.31,15.46,15.65,15.67,15.1,90.3,468
517,2016,182,6/30,1400,15,15.09,15.29,15.28,14.34,90.1,462.8
518,2016,182,6/30,1415,14.7,14.87,15.15,15.09,14.32,88.7,458.3
519,2016,182,6/30,1430,15.2,15.36,15.56,15.57,15.03,89.8,455.7
520,2016,182,6/30,1445,15.09,15.18,15.36,15.37,14.44,90.6,453
521,2016,182,6/30,1500,14.65,14.81,15.11,15.05,14.27,88.6,451.1
522,2016,182,6/30,1515,15.08,15.25,15.49,15.49,14.92,89.5,449.9
523,2016,182,6/30,1530,15.25,15.34,15.64,15.51,14.59,91,448.7
524,2016,182,6/30,1545,17.06,17.18,18.35,17.08,16.84,91.1,451
525,2016,182,6/30,1600,18.54,18.57,19.76,18.42,18.39,89.2,452.6
526,2016,182,6/30,1615,21.14,20.98,22.06,20.94,21.1,83.2,454.7
527,2016,182,6/30,1630,23.04,22.87,23.99,22.89,23.13,79.4,456.6
528,2016,182,6/30,1645,24.63,24.46,25.72,24.56,24.84,76.3,457.4
529,2016,182,6/30,1700,24.24,24.34,26.1,24.45,24.62,73.5,458.3
530,2016,182,6/30,1715,25.01,25.04,26.47,25,24.94,79.6,459.3
531,2016,182,6/30,1730,23.64,23.84,25.71,23.82,23.46,77.5,460.9
532,2016,182,6/30,1745,23.89,24.13,26.03,24.07,23.94,76.8,462.5
533,2016,182,6/30,1800,24.36,24.62,26.4,24.51,24.56,78.7,463.7
534,2016,182,6/30,1815,23.59,23.79,25.54,23.68,23.23,82.5,462.5
535,2016,182,6/30,1830,24.95,25.11,26.69,24.97,25.19,83.5,460
536,2016,182,6/30,1845,23.19,23.49,25.39,23.35,23,82.1,455
537,2016,182,6/30,1900,24.97,25.13,26.68,24.97,25.14,84.4,453.4
538,2016,182,6/30,1915,23.18,23.5,25.42,23.34,23.01,82.1,453.2
539,2016,182,6/30,1930,24.97,25.15,26.68,24.98,25.12,85,454.5
540,2016,182,6/30,1945,23.2,23.54,25.45,23.36,23.03,82.4,455.1
541,2016,182,6/30,2000,24.93,25.15,26.67,24.95,25.11,85.2,455.6
542,2016,182,6/30,2015,23.25,23.59,25.47,23.4,23.04,82.8,455.7
543,2016,182,6/30,2030,24.85,25.09,26.64,24.89,25.07,85.1,455.5
544,2016,182,6/30,2045,23.34,23.66,25.49,23.45,23.05,83.3,454.1
545,2016,182,6/30,2100,24.81,25.08,26.64,24.86,25.06,85,451.6
546,2016,182,6/30,2115,23.38,23.7,25.51,23.49,23.08,83.5,446.8
547,2016,182,6/30,2130,24.73,25.01,26.6,24.79,25.04,84.7,442
548,2016,182,6/30,2145,23.42,23.73,25.53,23.52,23.12,83.6,440.6
549,2016,182,6/30,2200,24.66,24.96,26.59,24.73,24.99,84.5,441.8
550,2016,182,6/30,2215,23.48,23.79,25.55,23.58,23.16,83.9,442.4
551,2016,182,6/30,2230,24.59,24.9,26.55,24.67,24.95,84.3,443.6
552,2016,182,6/30,2245,23.55,23.86,25.6,23.63,23.21,84.2,445.1
553,2016,182,6/30,2300,24.41,24.75,26.45,24.5,24.8,83.8,447.1
554,2016,182,6/30,2315,23.7,23.98,25.69,23.76,23.34,84.7,448.1
555,2016,182,6/30,2330,24.28,24.61,26.37,24.38,24.65,83.4,450.6
556,2016,182,6/30,2345,23.82,24.09,25.74,23.87,23.47,85.1,453
557,2016,183,7/1,0,24.22,24.56,26.33,24.33,24.59,83.2,455.3
558,2016,183,7/1,15,23.88,24.16,25.85,23.94,23.55,85.2,456.7
559,2016,183,7/1,30,24.17,24.52,26.34,24.28,24.52,82.9,458
560,2016,183,7/1,45,23.93,24.21,25.86,23.98,23.62,85.3,458.3
561,2016,183,7/1,100,24.13,24.46,26.31,24.23,24.45,82.7,457.8
562,2016,183,7/1,115,23.98,24.25,25.9,24.02,23.69,85.3,457
563,2016,183,7/1,130,24.07,24.41,26.26,24.17,24.37,82.5,457.1
564,2016,183,7/1,145,24.02,24.28,25.96,24.06,23.75,85.4,455.2
565,2016,183,7/1,200,24.09,24.42,26.28,24.19,24.4,82.3,452.3
566,2016,183,7/1,215,24.02,24.28,25.92,24.07,23.75,85.3,449
567,2016,183,7/1,230,24.02,24.36,26.22,24.14,24.31,82.2,446.8
568,2016,183,7/1,245,24.07,24.32,25.95,24.1,23.81,85.3,447.1
569,2016,183,7/1,300,24.03,24.38,26.22,24.14,24.33,81.9,448.1
570,2016,183,7/1,315,24.06,24.33,25.95,24.1,23.81,85.2,449.9
571,2016,183,7/1,330,23.97,24.32,26.19,24.08,24.24,81.8,452.1
572,2016,183,7/1,345,24.1,24.37,25.96,24.13,23.87,85.3,454.2
573,2016,183,7/1,400,23.97,24.32,26.19,24.09,24.24,81.7,457.2
574,2016,183,7/1,415,24.09,24.36,25.99,24.12,23.85,85.2,459.8
575,2016,183,7/1,430,23.97,24.3,26.17,24.08,24.23,81.7,463.1
576,2016,183,7/1,445,24.08,24.35,25.96,24.12,23.84,85.2,465.6
577,2016,183,7/1,500,24.02,24.37,26.22,24.14,24.32,81.8,468.5
578,2016,183,7/1,515,24.05,24.32,25.94,24.08,23.79,85.1,470.9
579,2016,183,7/1,530,24.09,24.43,26.25,24.18,24.4,81.8,473
580,2016,183,7/1,545,24.01,24.28,25.9,24.04,23.72,85,474.4
581,2016,183,7/1,600,24.08,24.41,26.23,24.17,24.38,81.9,475.3
582,2016,183,7/1,615,24,24.27,25.88,24.03,23.72,85,476.9
583,2016,183,7/1,630,24.15,24.49,26.27,24.26,24.47,81.9,478.4
584,2016,183,7/1,645,23.98,24.24,25.85,24.02,23.67,84.9,479.4
585,2016,183,7/1,700,24.16,24.5,26.28,24.26,24.49,82,480.2
586,2016,183,7/1,715,24,24.27,25.89,24.03,23.7,84.8,479.6
587,2016,183,7/1,730,24.12,24.46,26.24,24.21,24.42,81.8,478.8
588,2016,183,7/1,745,24.06,24.34,25.9,24.09,23.79,84.9,477
589,2016,183,7/1,800,24.1,24.43,26.22,24.2,24.37,81.8,473.9
590,2016,183,7/1,815,24.15,24.42,26,24.18,23.9,84.9,470.8
591,2016,183,7/1,830,23.99,24.33,26.13,24.09,24.2,81.5,468.9
592,2016,183,7/1,845,24.45,24.59,26.29,24.39,24.21,84.7,504.6
593,2016,183,7/1,900,23.85,23.97,25.74,23.85,23.78,81,549
594,2016,183,7/1,915,24.86,24.9,26.41,24.69,24.68,85.1,693.5
595,2016,183,7/1,930,23.64,23.85,25.54,23.7,23.66,81.8,711
596,2016,183,7/1,945,20.15,20.4,22.24,21.02,20.38,77.3,727
597,2016,183,7/1,1000,14.02,14.25,17.13,15.3,13.6,66.85,705
598,2016,183,7/1,1015,14.38,14.6,16.2,15.18,13.71,75.4,687.7
599,2016,183,7/1,1030,14.11,14.34,15.73,14.89,13.67,78.6,669.7
600,2016,183,7/1,1045,14.19,14.45,15.6,14.93,13.93,81.3,653.4
601,2016,183,7/1,1100,14.59,14.79,15.67,15.19,14.35,83.9,640.4
602,2016,183,7/1,1115,15.13,15.33,15.82,15.61,14.87,87.3,633.3
603,2016,183,7/1,1130,14.42,14.56,15.14,14.89,13.88,86.5,617.1
604,2016,183,7/1,1145,14.34,14.52,15.17,14.87,14.09,86.3,602.5
605,2016,183,7/1,1200,14.97,15.19,15.59,15.46,14.94,88.5,589.5
606,2016,183,7/1,1215,14.83,14.96,15.25,15.24,14.28,89.4,577.3
607,2016,183,7/1,1230,14.34,14.49,15.02,14.83,14.05,87.6,566.3
608,2016,183,7/1,1245,14.87,15.05,15.42,15.34,14.8,89.2,555.5
609,2016,183,7/1,1300,15.14,15.25,15.37,15.48,14.67,91,546.3
610,2016,183,7/1,1315,14.43,14.59,15.02,14.88,14.2,88.6,538.5
611,2016,183,7/1,1330,14.81,14.97,15.31,15.24,14.69,89.4,531.9
612,2016,183,7/1,1345,15.25,15.37,15.42,15.56,14.8,91.5,520.7
613,2016,183,7/1,1400,14.44,14.61,14.99,14.88,14.21,89,509.5
614,2016,183,7/1,1415,14.84,15.02,15.31,15.26,14.73,89.7,500
615,2016,183,7/1,1430,15.26,15.39,15.41,15.57,14.83,91.6,490.6
616,2016,183,7/1,1445,14.41,14.56,14.94,14.83,14.17,89,485.5
617,2016,183,7/1,1500,14.75,14.93,15.25,15.19,14.66,89.4,480.8
618,2016,183,7/1,1515,15.3,15.44,15.44,15.62,14.91,91.6,475.9
619,2016,183,7/1,1530,14.51,14.67,15.22,14.93,14.25,89,470.1
620,2016,183,7/1,1545,16.78,16.88,18.29,16.81,16.7,90.6,464.3
621,2016,183,7/1,1600,18.38,18.41,19.84,18.2,18.31,89.2,462.2
622,2016,183,7/1,1615,21.03,20.94,22.28,20.67,20.9,84.8,461.9
623,2016,183,7/1,1630,22.99,22.89,24.26,22.66,23.02,80.8,459.9
624,2016,183,7/1,1645,24.68,24.57,26.03,24.41,24.82,77.5,459.1
625,2016,183,7/1,1700,23.97,24.12,25.94,23.98,24.16,75.9,457
626,2016,183,7/1,1715,24.23,24.41,26.23,24.19,24.51,77.6,456.2
627,2016,183,7/1,1730,24.6,24.75,26.48,24.48,24.57,79.5,454.7
628,2016,183,7/1,1745,24.33,24.48,26.26,24.22,24.12,78.4,453.1
629,2016,183,7/1,1800,23.86,24.1,26.01,23.87,23.83,77.2,452.6
630,2016,183,7/1,1815,23.27,23.52,25.62,23.54,23.62,79.7,452.4
631,2016,183,7/1,1830,24.42,24.62,26.51,24.5,24.97,82.1,453.3
632,2016,183,7/1,1845,23.54,23.71,25.7,23.69,23.6,82.1,452.8
633,2016,183,7/1,1900,23.55,23.76,25.86,23.77,23.98,80.9,452.2
634,2016,183,7/1,1915,24.51,24.65,26.45,24.52,24.71,84,452.1
635,2016,183,7/1,1930,23.16,23.38,25.53,23.43,23.44,81.2,451.9
636,2016,183,7/1,1945,24.02,24.23,26.25,24.19,24.61,82.1,451.6
637,2016,183,7/1,2000,23.85,23.99,25.88,23.93,23.78,83.7,451.4
638,2016,183,7/1,2015,23.61,23.8,25.89,23.81,23.97,81.7,451.4
639,2016,183,7/1,2030,24.6,24.76,26.58,24.63,24.88,84.3,452.5
640,2016,183,7/1,2045,23.1,23.31,25.44,23.35,23.25,81.9,453
641,2016,183,7/1,2100,24.01,24.2,26.24,24.16,24.52,82.3,454.1
642,2016,183,7/1,2115,24.12,24.27,26.1,24.16,24.11,84.3,454.5
643,2016,183,7/1,2130,23.47,23.67,25.78,23.68,23.77,81.9,454.3
644,2016,183,7/1,2145,24.53,24.71,26.57,24.59,24.92,84.2,454.3
645,2016,183,7/1,2200,23.4,23.59,25.62,23.57,23.43,82.8,454.7
646,2016,183,7/1,2215,23.77,23.97,26.05,23.94,24.17,82.2,454.3
647,2016,183,7/1,2230,24.35,24.5,26.31,24.36,24.41,84.9,453.9
648,2016,183,7/1,2245,23.38,23.59,25.72,23.59,23.64,81.9,453.6
649,2016,183,7/1,2300,24.58,24.75,26.61,24.61,24.97,84.2,453.3
650,2016,183,7/1,2315,23.36,23.54,25.59,23.52,23.37,82.8,453.7
651,2016,183,7/1,2330,23.88,24.08,26.14,24.04,24.33,82.2,454.2
652,2016,183,7/1,2345,24.18,24.33,26.17,24.2,24.18,84.7,454.1
653,2016,184,7/2,0,23.49,23.7,25.82,23.69,23.8,81.8,453.7
654,2016,184,7/2,15,24.68,24.82,26.59,24.65,24.87,84.8,454.5
655,2016,184,7/2,30,23.17,23.39,25.55,23.4,23.37,81.9,456.3
656,2016,184,7/2,45,24.24,24.45,26.44,24.34,24.79,82.9,457.7
657,2016,184,7/2,100,23.64,23.79,25.75,23.72,23.51,83.7,457.2
658,2016,184,7/2,115,23.79,24,26.09,23.96,24.23,81.9,457.4
659,2016,184,7/2,130,24.25,24.39,26.24,24.25,24.27,84.7,457.1
660,2016,184,7/2,145,23.38,23.59,25.75,23.59,23.68,81.5,456.1
661,2016,184,7/2,200,24.59,24.73,26.52,24.55,24.76,84.7,456.7
662,2016,184,7/2,215,23.23,23.44,25.61,23.45,23.46,81.7,457.8
663,2016,184,7/2,230,24.53,24.71,26.62,24.57,24.96,83.8,458.4
664,2016,184,7/2,245,23.35,23.52,25.59,23.49,23.31,82.8,459.2
665,2016,184,7/2,300,23.94,24.13,26.19,24.08,24.42,82.1,459.3
666,2016,184,7/2,315,24.01,24.15,26,24.04,23.95,84.5,460.2
667,2016,184,7/2,330,23.6,23.81,25.91,23.78,23.96,81.7,460.5
668,2016,184,7/2,345,24.38,24.52,26.31,24.36,24.46,84.8,460.4
669,2016,184,7/2,400,23.33,23.54,25.67,23.54,23.59,81.7,461.5
670,2016,184,7/2,415,24.67,24.8,26.56,24.61,24.84,84.9,462.9
671,2016,184,7/2,430,23.13,23.34,25.5,23.36,23.31,81.8,465.1
672,2016,184,7/2,445,24.68,24.84,26.65,24.66,25.04,84.2,467
673,2016,184,7/2,500,23.19,23.39,25.45,23.37,23.2,82.5,468
674,2016,184,7/2,515,24.21,24.41,26.39,24.3,24.76,82.7,469.5
675,2016,184,7/2,530,23.68,23.83,25.73,23.74,23.54,83.9,471.1
676,2016,184,7/2,545,23.9,24.11,26.17,24.04,24.37,82,473
677,2016,184,7/2,600,24.03,24.18,26.01,24.04,23.98,84.6,475.2
678,2016,184,7/2,615,23.65,23.84,25.93,23.81,23.99,81.8,477.7
679,2016,184,7/2,630,24.33,24.48,26.26,24.31,24.38,85,480.2
680,2016,184,7/2,645,23.47,23.67,25.77,23.65,23.75,81.9,482.7
681,2016,184,7/2,700,24.6,24.74,26.48,24.55,24.73,85.1,483.9
682,2016,184,7/2,715,23.32,23.53,25.63,23.53,23.54,82,483.6
683,2016,184,7/2,730,24.68,24.84,26.63,24.67,25.03,84.4,482.7
684,2016,184,7/2,745,23.33,23.52,25.55,23.49,23.37,82.6,482
685,2016,184,7/2,800,24.06,24.26,26.26,24.18,24.55,82.4,480.5
686,2016,184,7/2,815,24.06,24.22,26.04,24.1,24.01,84.4,479.4
687,2016,184,7/2,830,23.63,23.83,25.89,23.81,23.95,81.9,479.3
688,2016,184,7/2,845,24.63,24.78,26.52,24.61,24.78,84.7,479.6
689,2016,184,7/2,900,23.39,23.6,25.7,23.6,23.62,81.9,479.9
690,2016,184,7/2,915,24.13,24.34,26.32,24.27,24.62,82.4,479.9
691,2016,184,7/2,930,24.1,24.33,25.94,24.23,24.11,83.6,531.6
692,2016,184,7/2,945,18.32,18.53,20.74,19.11,17.99,71.4,589.1
693,2016,184,7/2,1000,14.06,14.26,16.37,14.76,12.96,66.26,582.4
694,2016,184,7/2,1015,14.97,15.21,16.29,15.44,14.11,76.5,575.2
695,2016,184,7/2,1030,14.93,15.15,15.95,15.39,14.17,80.1,567.5
696,2016,184,7/2,1045,14.58,14.77,15.47,14.99,13.82,81.4,560.5
697,2016,184,7/2,1100,14.45,14.65,15.36,14.92,13.93,82.4,553.4
698,2016,184,7/2,1115,14.83,15.05,15.62,15.26,14.43,82.8,518.4
699,2016,184,7/2,1130,15.28,15.48,15.73,15.59,14.84,86.6,494.5
700,2016,184,7/2,1145,14.62,14.78,15.2,14.91,14.05,85.4,495.6
701,2016,184,7/2,1200,14.48,14.64,15.14,14.78,14.11,85.1,494.1
702,2016,184,7/2,1215,14.74,14.91,15.32,15.05,14.51,86,494.5
703,2016,184,7/2,1230,15.26,15.38,15.55,15.57,14.91,87.9,494.7
704,2016,184,7/2,1245,14.94,15.05,15.21,15.26,14.38,87.3,474.6
705,2016,184,7/2,1300,14.38,14.53,14.89,14.76,14.02,85.9,478.4
706,2016,184,7/2,1315,14.62,14.77,15.05,14.99,14.33,86.6,480.8
707,2016,184,7/2,1330,14.96,15.1,15.29,15.32,14.82,87.6,485.2
708,2016,184,7/2,1345,15.17,15.25,15.21,15.43,14.6,89.1,486
709,2016,184,7/2,1400,14.43,14.56,14.83,14.79,14.07,86.6,488
710,2016,184,7/2,1415,14.56,14.71,14.96,14.94,14.27,86.9,490.8
711,2016,184,7/2,1430,14.81,14.95,15.15,15.19,14.66,87.5,492.8
712,2016,184,7/2,1445,15.22,15.31,15.26,15.5,14.78,89.5,494.3
713,2016,184,7/2,1500,14.48,14.6,14.81,14.82,14.07,87,494.4
714,2016,184,7/2,1515,14.53,14.66,14.9,14.9,14.24,86.9,494.7
715,2016,184,7/2,1530,15.23,15.34,15.59,15.51,14.91,88.7,497.1
716,2016,184,7/2,1545,18.28,18.23,19.2,17.84,17.71,87.9,509.7
717,2016,184,7/2,1600,20.9,20.8,21.89,20.38,20.72,84.8,509.8
718,2016,184,7/2,1615,23.05,22.88,24.09,22.55,23.1,79.9,508
719,2016,184,7/2,1630,24.83,24.68,26.13,24.61,25.25,75.4,506.2
720,2016,184,7/2,1645,23.77,23.92,25.73,23.98,24.08,76.2,503
721,2016,184,7/2,1700,23.89,24.03,25.9,24.07,24.14,76.1,501
722,2016,184,7/2,1715,23.96,24.11,26,24.12,24.15,76,499.4
723,2016,184,7/2,1730,23.98,24.13,26.05,24.16,24.13,75.9,496.8
724,2016,184,7/2,1745,23.63,23.82,25.86,23.97,23.87,76.2,494.7
725,2016,184,7/2,1800,24.39,24.53,26.37,24.55,24.71,81.1,493.7
726,2016,184,7/2,1815,23.37,23.57,25.61,23.7,23.58,80.2,491.9
727,2016,184,7/2,1830,23.58,23.78,25.82,23.89,23.92,79.9,490.3
728,2016,184,7/2,1845,24,24.21,26.18,24.28,24.52,80.8,488.2
729,2016,184,7/2,1900,24.02,24.17,26.02,24.18,24.03,82.1,486.3
730,2016,184,7/2,1915,23.41,23.64,25.68,23.76,23.66,80.2,483.4
731,2016,184,7/2,1930,23.68,23.89,25.93,24,24.06,80.2,480.5
732,2016,184,7/2,1945,24.31,24.5,26.33,24.51,24.67,82,478.1
733,2016,184,7/2,2000,23.44,23.66,25.58,23.74,23.49,81.1,475.2
734,2016,184,7/2,2015,23.51,23.77,25.76,23.86,23.81,80.2,473.2
735,2016,184,7/2,2030,24.09,24.35,26.22,24.38,24.61,81.4,471.7
736,2016,184,7/2,2045,23.72,23.92,25.74,23.94,23.66,82.1,470.4
737,2016,184,7/2,2100,23.37,23.66,25.63,23.74,23.61,80.4,469.9
738,2016,184,7/2,2115,24.1,24.36,26.22,24.37,24.62,81.6,469.4
739,2016,184,7/2,2130,23.83,24.05,25.84,24.04,23.77,82.8,468.6
740,2016,184,7/2,2145,23.41,23.69,25.65,23.77,23.62,80.7,468.9
741,2016,184,7/2,2200,24.07,24.36,26.2,24.35,24.58,81.7,469.6
742,2016,184,7/2,2215,23.88,24.1,25.88,24.08,23.8,83.2,470.2
743,2016,184,7/2,2230,23.46,23.75,25.69,23.81,23.69,81,470.5
744,2016,184,7/2,2245,24.02,24.31,26.18,24.3,24.51,81.7,471.1
745,2016,184,7/2,2300,23.92,24.15,25.9,24.1,23.85,83.4,471.2
746,2016,184,7/2,2315,23.43,23.73,25.68,23.77,23.65,81.1,470.7
747,2016,184,7/2,2330,24.14,24.43,26.29,24.4,24.67,81.9,469.9
748,2016,184,7/2,2345,23.77,24,25.79,23.96,23.66,83,469
749,2016,185,7/3,0,23.46,23.77,25.71,23.79,23.69,81,468.5
750,2016,185,7/3,15,24.34,24.62,26.39,24.54,24.78,82.8,468.8
751,2016,185,7/3,30,23.43,23.69,25.56,23.69,23.36,82.2,468.9
752,2016,185,7/3,45,23.6,23.91,25.83,23.92,23.9,80.9,468.1
753,2016,185,7/3,100,24.46,24.68,26.37,24.56,24.66,83.3,467
754,2016,185,7/3,115,23.18,23.51,25.46,23.56,23.3,81.1,465.5
755,2016,185,7/3,130,23.76,24.07,25.98,24.06,24.16,80.7,463.8
756,2016,185,7/3,145,24.11,24.35,26.06,24.25,24.16,83.3,462.9
757,2016,185,7/3,200,23.29,23.63,25.56,23.65,23.48,80.6,462.4
758,2016,185,7/3,215,24.35,24.64,26.36,24.54,24.82,82.3,462.2
759,2016,185,7/3,230,23.53,23.8,25.6,23.77,23.46,82.4,462.7
760,2016,185,7/3,245,23.51,23.83,25.73,23.83,23.78,80.4,463.6
761,2016,185,7/3,300,24.38,24.62,26.27,24.48,24.57,83.3,464.9
762,2016,185,7/3,315,23.15,23.5,25.43,23.53,23.27,80.8,467.9
763,2016,185,7/3,330,24.2,24.51,26.29,24.42,24.74,81.5,469.5
764,2016,185,7/3,345,23.73,23.99,25.75,23.92,23.62,82.8,470.2
765,2016,185,7/3,400,23.44,23.77,25.67,23.77,23.67,80.1,471.2
766,2016,185,7/3,415,24.43,24.67,26.31,24.51,24.64,83.1,471.9
767,2016,185,7/3,430,23.27,23.62,25.53,23.64,23.39,81,472.6
768,2016,185,7/3,445,23.97,24.27,26.11,24.21,24.42,80.6,472.8
769,2016,185,7/3,500,23.99,24.25,25.95,24.14,23.97,83,473
770,2016,185,7/3,515,23.45,23.79,25.68,23.78,23.65,80.3,472.7
771,2016,185,7/3,530,24.48,24.75,26.44,24.61,24.9,81.9,472.6
772,2016,185,7/3,545,23.33,23.64,25.47,23.62,23.28,81.5,473.1
773,2016,185,7/3,600,23.75,24.05,25.92,24.02,24.06,79.9,473.6
774,2016,185,7/3,615,24.3,24.55,26.19,24.4,24.43,82.8,474.1
775,2016,185,7/3,630,23.34,23.68,25.58,23.69,23.48,80.4,473.3
776,2016,185,7/3,645,24.17,24.47,26.27,24.39,24.71,80.3,471.9
777,2016,185,7/3,700,23.58,23.85,25.58,23.78,23.43,82.2,470.3
778,2016,185,7/3,715,23.63,23.95,25.83,23.94,23.95,79.4,467.8
779,2016,185,7/3,730,24.28,24.52,26.15,24.37,24.42,82.4,465.9
780,2016,185,7/3,745,23.26,23.6,25.52,23.64,23.42,79.6,464.7
781,2016,185,7/3,800,24.37,24.64,26.39,24.54,24.87,80.5,464.3
782,2016,185,7/3,815,23.44,23.73,25.55,23.7,23.36,81,463.8
783,2016,185,7/3,830,23.65,23.97,25.87,23.97,23.97,78.9,464.4
784,2016,185,7/3,845,24.44,24.67,26.35,24.53,24.63,81.6,466.1
785,2016,185,7/3,900,23.24,23.58,25.53,23.62,23.39,79.6,468.7
786,2016,185,7/3,915,23.89,24.13,26.12,24.13,24.19,78.7,490
787,2016,185,7/3,930,24.43,24.46,26.15,24.44,24.39,81,579.7
788,2016,185,7/3,945,17.89,17.82,20.21,19.31,17.73,69.46,613.8
789,2016,185,7/3,1000,13.75,13.69,16.2,15.4,13.09,65.57,604.7
790,2016,185,7/3,1015,14.97,14.98,16.36,15.88,14.26,76,596
791,2016,185,7/3,1030,14.89,14.92,16.04,15.61,14.19,79.3,586.4
792,2016,185,7/3,1045,14.53,14.58,15.65,15.23,14.02,80.6,577.8
793,2016,185,7/3,1100,14.49,14.55,15.54,15.11,14.08,82.2,570.8
794,2016,185,7/3,1115,14.74,14.8,15.62,15.11,14.37,83.4,569.9
795,2016,185,7/3,1130,14.9,14.99,15.7,15.23,14.67,84.8,563.4
796,2016,185,7/3,1145,15.32,15.41,15.88,15.56,14.88,87,556.4
797,2016,185,7/3,1200,14.71,14.75,15.37,15,14.17,85.8,549.7
798,2016,185,7/3,1215,14.64,14.73,15.37,14.97,14.31,85.8,544.7
799,2016,185,7/3,1230,14.79,14.89,15.54,15.14,14.52,85.6,529
800,2016,185,7/3,1245,15.03,15.14,15.68,15.33,14.85,86.7,515.9
801,2016,185,7/3,1300,15.28,15.33,15.71,15.5,14.73,88,514
802,2016,185,7/3,1315,14.64,14.7,15.28,14.93,14.23,86.2,512
803,2016,185,7/3,1330,14.64,14.72,15.34,14.96,14.35,86.1,509.2
804,2016,185,7/3,1345,14.75,14.84,15.42,15.06,14.51,86.4,507.1
805,2016,185,7/3,1400,15.06,15.17,15.64,15.33,14.91,87.3,504.8
806,2016,185,7/3,1415,15.23,15.28,15.61,15.45,14.68,88.2,502.7
807,2016,185,7/3,1430,14.58,14.67,15.22,14.88,14.23,86.4,501.7
808,2016,185,7/3,1445,14.61,14.71,15.3,14.93,14.34,86.4,501.9
809,2016,185,7/3,1500,14.73,14.83,15.41,15.05,14.54,86.5,498.7
810,2016,185,7/3,1515,15.19,15.29,15.68,15.45,14.96,87.9,496.3
811,2016,185,7/3,1530,15.07,15.11,15.69,15.29,14.48,87.8,495.6
812,2016,185,7/3,1545,17.85,17.9,19.31,17.8,17.65,88.3,533.6
813,2016,185,7/3,1600,19.16,19.21,20.69,19.06,19.2,87.3,538.6
814,2016,185,7/3,1615,20.35,20.38,21.89,20.25,20.46,85.1,533.4
815,2016,185,7/3,1630,21.42,21.43,22.99,21.34,21.58,82.8,527.2
816,2016,185,7/3,1645,22.4,22.4,23.99,22.34,22.64,80.8,522.8
817,2016,185,7/3,1700,23.3,23.32,24.94,23.29,23.61,79.2,520
818,2016,185,7/3,1715,24.16,24.17,25.82,24.18,24.5,77.8,517.9
819,2016,185,7/3,1730,24.6,24.65,26.46,24.71,25.2,76.2,515.3
820,2016,185,7/3,1745,23.49,23.58,25.55,23.66,23.59,79.6,512.7
821,2016,185,7/3,1800,23.97,24.07,26.1,24.18,24.45,77.5,509.2
822,2016,185,7/3,1815,24.72,24.75,26.52,24.75,24.85,80.7,506.5
823,2016,185,7/3,1830,23.42,23.56,25.7,23.7,23.68,79.2,504.1
824,2016,185,7/3,1845,23.87,23.99,26.09,24.13,24.29,78.6,501.4
825,2016,185,7/3,1900,24.72,24.77,26.56,24.77,24.79,81.7,497.8
826,2016,185,7/3,1915,23.35,23.5,25.67,23.66,23.58,79.3,493.5
827,2016,185,7/3,1930,23.93,24.07,26.16,24.19,24.32,79.4,490.1
828,2016,185,7/3,1945,24.72,24.8,26.59,24.79,24.8,82,486.8
829,2016,185,7/3,2000,23.43,23.58,25.73,23.74,23.61,79.8,484
830,2016,185,7/3,2015,23.81,23.95,26.08,24.08,24.15,79.6,481.5
831,2016,185,7/3,2030,24.75,24.85,26.62,24.82,24.89,82.2,479.2
832,2016,185,7/3,2045,23.49,23.63,25.74,23.77,23.62,80.2,476.9
833,2016,185,7/3,2100,23.78,23.93,26.05,24.07,24.13,79.6,474.5
834,2016,185,7/3,2115,24.79,24.87,26.62,24.84,24.85,82.4,471.9
835,2016,185,7/3,2130,23.36,23.54,25.7,23.68,23.54,79.9,470.3
836,2016,185,7/3,2145,23.96,24.12,26.19,24.23,24.36,79.7,469
837,2016,185,7/3,2200,24.56,24.66,26.44,24.64,24.54,82.5,468.6
838,2016,185,7/3,2215,23.39,23.59,25.74,23.72,23.62,79.7,468.7
839,2016,185,7/3,2230,24.18,24.33,26.36,24.39,24.64,80.2,469.6
840,2016,185,7/3,2245,24.14,24.26,26.09,24.26,23.99,82.2,470.4
841,2016,185,7/3,2300,23.56,23.74,25.89,23.86,23.84,79.4,471.4
842,2016,185,7/3,2315,24.84,24.95,26.71,24.9,25.03,82.4,472.7
843,2016,185,7/3,2330,23.25,23.43,25.57,23.55,23.34,80.1,474.1
844,2016,185,7/3,2345,24.1,24.26,26.28,24.33,24.51,80,474.3
845,2016,186,7/4,0,24.43,24.54,26.32,24.51,24.38,82.4,473.2
846,2016,186,7/4,15,23.46,23.64,25.78,23.76,23.7,79.4,472
847,2016,186,7/4,30,24.66,24.78,26.65,24.76,25.04,81,470.2
848,2016,186,7/4,45,23.47,23.62,25.65,23.7,23.39,80.6,467.6
849,2016,186,7/4,100,23.91,24.07,26.15,24.16,24.31,78.8,466.1
850,2016,186,7/4,115,24.4,24.49,26.27,24.45,24.34,81.9,463.9
851,2016,186,7/4,130,23.59,23.76,25.89,23.87,23.85,78.8,461.8
852,2016,186,7/4,145,24.79,24.88,26.69,24.84,25.09,80.5,460.6
853,2016,186,7/4,200,23.29,23.44,25.53,23.54,23.25,79.7,458.5
854,2016,186,7/4,215,24.1,24.24,26.28,24.31,24.51,78.3,457.4
855,2016,186,7/4,230,24.39,24.48,26.26,24.44,24.3,81.1,456.1
856,2016,186,7/4,245,23.46,23.63,25.79,23.75,23.69,77.9,454.9
857,2016,186,7/4,300,24.87,24.93,26.71,24.89,25.1,79.8,453.5
858,2016,186,7/4,315,23.34,23.5,25.61,23.59,23.36,79,452.2
859,2016,186,7/4,330,23.97,24.1,26.19,24.19,24.34,77.1,451.1
860,2016,186,7/4,345,24.43,24.51,26.29,24.46,24.36,80.4,450.9
861,2016,186,7/4,400,23.41,23.58,25.76,23.7,23.63,77.3,451
862,2016,186,7/4,415,24.95,25,26.74,24.94,25.15,79,451.5
863,2016,186,7/4,430,23.18,23.34,25.51,23.46,23.21,78.4,452.8
864,2016,186,7/4,445,24.12,24.24,26.31,24.31,24.56,76.6,453.7
865,2016,186,7/4,500,24.13,24.21,26.03,24.18,23.96,80.2,456.2
866,2016,186,7/4,515,23.66,23.8,25.96,23.91,23.92,76.4,458.1
867,2016,186,7/4,530,24.71,24.75,26.47,24.68,24.71,79.7,460.6
868,2016,186,7/4,545,23.27,23.45,25.64,23.56,23.44,77.2,462.4
869,2016,186,7/4,600,25.01,25.05,26.78,24.97,25.2,78.5,463.7
870,2016,186,7/4,615,23.12,23.28,25.44,23.38,23.13,78.2,465.1
871,2016,186,7/4,630,24.43,24.53,26.51,24.55,24.91,76.6,465.8
872,2016,186,7/4,645,23.86,23.96,25.83,23.94,23.62,79.7,466
873,2016,186,7/4,700,23.85,24,26.08,24.07,24.17,76.2,465.9
874,2016,186,7/4,715,24.57,24.62,26.35,24.54,24.51,79.8,465.6
875,2016,186,7/4,730,23.53,23.69,25.83,23.79,23.74,76.8,464.9
876,2016,186,7/4,745,24.99,25.03,26.75,24.95,25.15,78.6,465.1
877,2016,186,7/4,800,23.35,23.51,25.63,23.6,23.4,78.1,464.1
878,2016,186,7/4,815,24.14,24.25,26.3,24.32,24.49,76.4,464.5
879,2016,186,7/4,830,24.55,24.61,26.37,24.56,24.47,79.5,463.4
880,2016,186,7/4,845,23.73,23.94,25.9,23.93,23.8,77.2,513.7
881,2016,186,7/4,900,24.25,24.36,26.13,24.38,24.32,76,649.6
882,2016,186,7/4,915,24.75,24.65,26.35,24.75,24.53,78.9,660
883,2016,186,7/4,930,23.68,23.73,25.44,23.86,23.59,77.4,643.6
884,2016,186,7/4,945,20.21,20.5,21.85,21.14,20.36,72.2,638.5
885,2016,186,7/4,1000,14.72,15.25,17.22,16.13,14.36,64.84,624.7
886,2016,186,7/4,1015,14.58,14.79,16.08,15.39,13.71,71.5,612.8
887,2016,186,7/4,1030,14.43,14.6,15.76,15.13,13.95,75.6,599.8
888,2016,186,7/4,1045,14.67,14.78,15.68,15.21,14.24,78.9,588.7
889,2016,186,7/4,1100,14.65,14.75,15.53,15.13,14.24,80.7,579.4
890,2016,186,7/4,1115,14.87,14.92,15.56,15.25,14.49,82,570.5
891,2016,186,7/4,1130,15.22,15.22,15.69,15.46,14.81,84.5,561.3
892,2016,186,7/4,1145,15.07,15.02,15.42,15.26,14.38,85,553.4
893,2016,186,7/4,1200,14.52,14.56,15.13,14.86,14.14,83.7,546.6
894,2016,186,7/4,1215,14.98,14.98,15.4,15.24,14.57,84.8,551.7
895,2016,186,7/4,1230,14.85,14.87,15.3,15.13,14.49,84.8,570.2
896,2016,186,7/4,1245,15.04,15.05,15.44,15.27,14.77,85.3,561.9
897,2016,186,7/4,1300,15.37,15.32,15.56,15.54,14.86,87.2,555
898,2016,186,7/4,1315,14.84,14.81,15.16,15.06,14.3,85.9,548.6
899,2016,186,7/4,1330,14.7,14.73,15.14,14.95,14.35,85.4,542.8
900,2016,186,7/4,1345,14.75,14.78,15.19,15.01,14.44,85.5,537.3
901,2016,186,7/4,1400,15.01,15.02,15.38,15.24,14.79,86.2,531.9
902,2016,186,7/4,1415,15.33,15.28,15.5,15.5,14.84,87.7,527.8
903,2016,186,7/4,1430,14.81,14.79,15.12,15.04,14.31,86.1,524.2
904,2016,186,7/4,1445,14.62,14.65,15.05,14.87,14.27,85.6,519.9
905,2016,186,7/4,1500,14.73,14.76,15.14,14.98,14.42,85.8,517.5
906,2016,186,7/4,1515,14.94,14.96,15.3,15.17,14.71,86.3,515.4
907,2016,186,7/4,1530,15.99,15.84,16.15,16.3,15.29,87.9,505.2
908,2016,186,7/4,1545,18.01,17.94,19.42,18.02,17.92,87.3,487.6
909,2016,186,7/4,1600,19.37,19.29,20.83,19.32,19.44,86.2,487.6
910,2016,186,7/4,1615,20.59,20.48,22.03,20.53,20.72,83.8,489
911,2016,186,7/4,1630,21.68,21.53,23.11,21.63,21.86,81.5,488.7
912,2016,186,7/4,1645,22.68,22.49,24.08,22.64,22.9,79.5,488.3
913,2016,186,7/4,1700,23.63,23.39,25,23.59,23.87,77.7,486.1
914,2016,186,7/4,1715,24.49,24.29,25.79,24.48,24.74,76.2,484.7
915,2016,186,7/4,1730,24.05,24.02,25.72,24.16,24.35,75.3,484.5
916,2016,186,7/4,1745,24.56,24.63,26.01,24.57,24.59,79.1,483.9
917,2016,186,7/4,1800,23.71,23.86,25.5,23.88,23.82,77.6,482.1
918,2016,186,7/4,1815,24.29,24.42,25.96,24.42,24.59,77.2,480.9
919,2016,186,7/4,1830,24.67,24.81,26.11,24.71,24.59,79.9,479
920,2016,186,7/4,1845,23.6,23.8,25.4,23.81,23.64,78.4,476.9
921,2016,186,7/4,1900,24.03,24.25,26.02,24.23,24.24,77.7,474.4
922,2016,186,7/4,1915,24.8,24.99,26.59,24.85,24.89,80,472.5
923,2016,186,7/4,1930,23.68,23.9,25.77,23.89,23.61,79.1,470.3
924,2016,186,7/4,1945,23.87,24.06,25.95,24.09,23.99,78.1,468
925,2016,186,7/4,2000,24.57,24.73,26.47,24.68,24.84,79.4,466.1
926,2016,186,7/4,2015,23.99,24.11,25.89,24.13,23.73,80.3,464.9
927,2016,186,7/4,2030,23.78,23.93,25.87,23.99,23.83,78.4,464.5
928,2016,186,7/4,2045,24.62,24.73,26.51,24.73,24.9,79.7,463.5
929,2016,186,7/4,2100,23.99,24.08,25.88,24.13,23.73,80.4,461.2
930,2016,186,7/4,2115,23.74,23.9,25.84,23.98,23.8,78.4,458.9
931,2016,186,7/4,2130,24.67,24.77,26.54,24.77,24.92,79.8,454.9
932,2016,186,7/4,2145,23.96,24.04,25.86,24.1,23.69,80.4,450.6
933,2016,186,7/4,2200,23.75,23.87,25.87,23.98,23.79,78.2,447.9
934,2016,186,7/4,2215,24.77,24.84,26.62,24.84,24.98,80,446.3
935,2016,186,7/4,2230,23.62,23.72,25.66,23.81,23.36,79.9,445.4
936,2016,186,7/4,2245,23.85,23.96,25.94,24.07,23.96,78,444.5
937,2016,186,7/4,2300,24.78,24.82,26.48,24.81,24.72,81.1,444.2
938,2016,186,7/4,2315,23.53,23.67,25.68,23.76,23.47,79.1,443.2
939,2016,186,7/4,2330,24.21,24.3,26.25,24.38,24.42,78.1,442.1
940,2016,186,7/4,2345,24.53,24.57,26.3,24.58,24.34,81,442.1
941,2016,187,7/5,0,23.56,23.69,25.71,23.78,23.51,78.7,442.6
942,2016,187,7/5,15,24.4,24.49,26.38,24.53,24.7,78.3,442.9
943,2016,187,7/5,30,24.16,24.21,25.99,24.24,23.85,80.9,443.2
944,2016,187,7/5,45,23.77,23.87,25.9,23.98,23.8,77.8,443.7
945,2016,187,7/5,100,24.85,24.89,26.65,24.88,25.01,79.6,443.7
946,2016,187,7/5,115,23.53,23.64,25.62,23.71,23.3,79.5,443.5
947,2016,187,7/5,130,23.97,24.06,26.08,24.15,24.1,77.3,443.9
948,2016,187,7/5,145,24.68,24.71,26.42,24.69,24.58,80.4,444.4
949,2016,187,7/5,200,23.57,23.69,25.75,23.76,23.51,78.3,445.5
950,2016,187,7/5,215,24.39,24.47,26.43,24.52,24.71,77.4,446.5
951,2016,187,7/5,230,24.06,24.12,25.94,24.13,23.72,80.5,447.8
952,2016,187,7/5,245,23.77,23.86,25.94,23.96,23.81,77.1,448.6
953,2016,187,7/5,300,24.84,24.86,26.56,24.82,24.8,79.8,449.8
954,2016,187,7/5,315,23.33,23.47,25.59,23.55,23.23,78.1,451.2
955,2016,187,7/5,330,24.62,24.68,26.58,24.69,24.95,77.3,451.7
956,2016,187,7/5,345,23.75,23.83,25.74,23.85,23.38,79.8,452.7
957,2016,187,7/5,400,24.02,24.11,26.15,24.17,24.13,76.7,454
958,2016,187,7/5,415,24.75,24.78,26.51,24.74,24.67,79.5,455.2
959,2016,187,7/5,430,23.36,23.48,25.64,23.56,23.26,77.6,456.2
960,2016,187,7/5,445,24.83,24.87,26.72,24.85,25.1,77.4,457.6
961,2016,187,7/5,500,23.72,23.81,25.78,23.84,23.41,79.1,458.2
962,2016,187,7/5,515,23.97,24.05,26.13,24.12,24.05,76.3,459.1
963,2016,187,7/5,530,24.77,24.79,26.55,24.76,24.71,79,459.9
964,2016,187,7/5,545,23.53,23.65,25.77,23.7,23.42,77.5,461.3
965,2016,187,7/5,600,24.53,24.59,26.56,24.61,24.87,76,463
966,2016,187,7/5,615,23.79,23.85,25.77,23.87,23.39,79.4,464
967,2016,187,7/5,630,24.06,24.13,26.18,24.19,24.16,75.9,464.2
968,2016,187,7/5,645,24.69,24.71,26.46,24.67,24.58,79,464.3
969,2016,187,7/5,700,23.65,23.75,25.86,23.8,23.57,77.3,464
970,2016,187,7/5,715,24.56,24.62,26.57,24.63,24.88,76.1,462.8
971,2016,187,7/5,730,23.92,23.99,25.87,24,23.57,79.2,462.5
972,2016,187,7/5,745,23.95,24.02,26.1,24.09,24.03,75.8,461.6
973,2016,187,7/5,800,24.78,24.8,26.52,24.77,24.73,78.6,460.5
974,2016,187,7/5,815,23.57,23.66,25.78,23.74,23.5,77,458.7
975,2016,187,7/5,830,24.56,24.61,26.56,24.64,24.87,75.9,457.8
976,2016,187,7/5,845,24.31,24.33,26.12,24.31,23.94,78.2,474.1
977,2016,187,7/5,900,23.65,24.06,26.05,23.92,23.7,75.3,591.3
978,2016,187,7/5,915,24.85,25.06,27.01,24.96,25.23,75.2,632.2
979,2016,187,7/5,930,23.48,23.75,25.53,23.69,23.31,76.8,617.7
980,2016,187,7/5,945,19.89,20.26,21.76,20.9,19.96,71,617.3
981,2016,187,7/5,1000,14.69,15.06,17.04,16.03,13.99,64.64,605.8
982,2016,187,7/5,1015,14.63,14.86,16.14,15.41,13.63,71.5,594.9
983,2016,187,7/5,1030,14.44,14.7,15.82,15.17,13.88,75.7,583.2
984,2016,187,7/5,1045,14.54,14.78,15.72,15.16,14.05,78.6,573.8
985,2016,187,7/5,1100,14.72,14.92,15.7,15.23,14.32,80.7,564.9
986,2016,187,7/5,1115,15.11,15.29,15.88,15.46,14.79,82.7,558.1
987,2016,187,7/5,1130,15.18,15.39,15.83,15.54,14.67,84.2,556
988,2016,187,7/5,1145,14.68,14.88,15.41,15.08,14.17,83.6,548.3
989,2016,187,7/5,1200,14.57,14.78,15.35,14.99,14.22,83.5,540.7
990,2016,187,7/5,1215,14.79,15,15.5,15.18,14.54,84.1,532.1
991,2016,187,7/5,1230,15.37,15.6,15.89,15.69,15.1,86.2,525.7
992,2016,187,7/5,1245,15.03,15.26,15.61,15.42,14.56,84.6,521.3
993,2016,187,7/5,1300,14.73,14.94,15.41,15.08,14.4,84.3,517.8
994,2016,187,7/5,1315,14.61,14.84,15.36,14.98,14.4,84.1,515.1
995,2016,187,7/5,1330,14.68,14.91,15.41,15.07,14.5,84.3,509.8
996,2016,187,7/5,1345,14.84,15.08,15.51,15.24,14.64,84,543.5
997,2016,187,7/5,1400,14.99,15.24,15.63,15.35,14.91,85.3,539.5
998,2016,187,7/5,1415,15.16,15.38,15.67,15.49,14.78,86.4,534.8
999,2016,187,7/5,1430,14.67,14.88,15.32,15.03,14.34,85.1,530.7
1000,2016,187,7/5,1445,14.64,14.87,15.35,15,14.44,85.2,550.1
1001,2016,187,7/5,1500,14.71,14.93,15.4,15.07,14.52,85.4,580.6
1002,2016,187,7/5,1515,14.84,15.06,15.5,15.2,14.73,85.5,592
1003,2016,187,7/5,1530,15.87,16.06,16.37,16.13,15.38,87.8,610.5
1004,2016,187,7/5,1545,17.9,18.1,19.53,17.96,17.94,86.9,651.7
1005,2016,187,7/5,1600,19.27,19.44,20.95,19.26,19.42,85.6,644.2
1006,2016,187,7/5,1615,20.45,20.62,22.15,20.43,20.67,83.2,635.7
1007,2016,187,7/5,1630,21.5,21.68,23.24,21.52,21.79,80.8,626.2
1008,2016,187,7/5,1645,22.48,22.67,24.26,22.52,22.82,78.7,618.1
1009,2016,187,7/5,1700,23.39,23.58,25.19,23.44,23.76,76.9,610.8
1010,2016,187,7/5,1715,24.22,24.44,26.05,24.31,24.63,75.2,602.7
1011,2016,187,7/5,1730,24.29,24.59,26.46,24.53,25,73.2,590.5
1012,2016,187,7/5,1745,23.89,24.13,25.97,24.05,23.92,77.3,575.6
1013,2016,187,7/5,1800,23.75,24.1,26.1,24.2,24.07,73.3,580
1014,2016,187,7/5,1815,24.48,24.77,26.21,24.84,25.02,73.3,556.3
1015,2016,187,7/5,1830,23.57,23.84,25.76,23.86,23.51,74.3,550.8
1016,2016,187,7/5,1845,23.52,23.82,26.08,23.94,23.9,72.9,538.5
1017,2016,187,7/5,1900,24.75,24.96,26.89,24.88,25.01,76.2,529.4
1018,2016,187,7/5,1915,23.18,23.45,25.86,23.56,23.27,76.4,519.7
1019,2016,187,7/5,1930,23.73,24,26.42,24.1,24.14,75,511.9
1020,2016,187,7/5,1945,24.62,24.83,26.88,24.75,24.69,78.6,505.6
1021,2016,187,7/5,2000,23.12,23.38,25.95,23.53,23.32,76.6,499.6
1022,2016,187,7/5,2015,23.98,24.22,26.64,24.3,24.46,76.4,494
1023,2016,187,7/5,2030,24.19,24.41,26.55,24.37,24.11,79.5,489.1
1024,2016,187,7/5,2045,23.27,23.53,26.09,23.69,23.52,76.5,484.3
1025,2016,187,7/5,2100,24.67,24.88,27.04,24.84,25.06,78.6,480.2
1026,2016,187,7/5,2115,23.4,23.64,26.04,23.73,23.35,78.6,475.8
1027,2016,187,7/5,2130,23.67,23.92,26.38,24.04,24,76.7,472.2
1028,2016,187,7/5,2145,24.69,24.88,26.92,24.8,24.77,79.7,468.6
1029,2016,187,7/5,2200,23.08,23.35,25.92,23.5,23.26,77.3,463.9
1030,2016,187,7/5,2215,24.14,24.36,26.74,24.42,24.64,76.6,460.5
1031,2016,187,7/5,2230,23.96,24.18,26.34,24.16,23.8,79.4,457.1
1032,2016,187,7/5,2245,23.46,23.72,26.23,23.85,23.72,75.9,453.7
1033,2016,187,7/5,2300,24.8,24.98,27,24.88,24.92,78.6,451.4
1034,2016,187,7/5,2315,22.94,23.22,25.81,23.38,23.07,76.7,448.1
1035,2016,187,7/5,2330,24.32,24.54,26.87,24.57,24.85,76,445.8
1036,2016,187,7/5,2345,23.58,23.81,26.06,23.82,23.37,78.6,443.2
1037,2016,188,7/6,0,23.64,23.89,26.4,24.01,24,74.8,441.7
1038,2016,188,7/6,15,24.32,24.51,26.59,24.43,24.28,78.8,440.9
1039,2016,188,7/6,30,23.14,23.42,25.98,23.56,23.34,75.1,439.9
1040,2016,188,7/6,45,24.74,24.92,26.94,24.81,24.87,77.7,439.7
1041,2016,188,7/6,100,22.88,23.17,25.78,23.33,23.03,75.5,439.9
1042,2016,188,7/6,115,24.9,25.08,27.12,24.97,25.19,76.3,439.9
1043,2016,188,7/6,130,22.95,23.21,25.74,23.33,22.93,76.7,439.3
1044,2016,188,7/6,145,24.17,24.4,26.77,24.44,24.7,73.9,438.6
1045,2016,188,7/6,200,23.85,24.07,26.25,24.03,23.64,77.8,438.2
1046,2016,188,7/6,215,23.52,23.8,26.29,23.9,23.83,73.8,436.7
1047,2016,188,7/6,230,24.6,24.78,26.8,24.67,24.66,76.7,434.8
1048,2016,188,7/6,245,23.11,23.4,25.96,23.52,23.27,75,433.1
1049,2016,188,7/6,300,24.83,25.04,27.12,24.94,25.21,74.9,431.5
1050,2016,188,7/6,315,23.1,23.35,25.8,23.43,23,76.6,429.3
1051,2016,188,7/6,330,23.99,24.22,26.62,24.27,24.44,73.6,427
1052,2016,188,7/6,345,24.07,24.28,26.4,24.21,23.92,78.1,425.4
1053,2016,188,7/6,400,23.46,23.74,26.22,23.82,23.72,74.4,423.1
1054,2016,188,7/6,415,24.67,24.85,26.87,24.73,24.75,77.5,421
1055,2016,188,7/6,430,23.07,23.35,25.91,23.47,23.2,75.7,418.7
1056,2016,188,7/6,445,24.82,25.02,27.1,24.92,25.19,76.1,417
1057,2016,188,7/6,500,23.05,23.3,25.75,23.37,22.93,77.4,415.7
1058,2016,188,7/6,515,24.1,24.34,26.7,24.36,24.6,74.6,414.7
1059,2016,188,7/6,530,23.87,24.08,26.23,24.02,23.65,79,414.9
1060,2016,188,7/6,545,23.62,23.88,26.33,23.94,23.93,74.8,415
1061,2016,188,7/6,600,24.39,24.58,26.64,24.46,24.38,78.8,415.5
1062,2016,188,7/6,615,23.3,23.56,26.08,23.65,23.48,75.6,416.7
1063,2016,188,7/6,630,24.75,24.93,26.91,24.78,24.85,78.4,417.8
1064,2016,188,7/6,645,23.05,23.33,25.88,23.44,23.17,76.7,418.8
1065,2016,188,7/6,700,24.95,25.14,27.16,25,25.23,77.6,420.3
1066,2016,188,7/6,715,23.03,23.3,25.81,23.38,23.01,77.8,422.3
1067,2016,188,7/6,730,24.31,24.53,26.85,24.53,24.82,76,424.2
1068,2016,188,7/6,745,23.81,24.04,26.22,24,23.58,79.6,425.6
1069,2016,188,7/6,800,23.65,23.9,26.36,23.98,23.97,75.6,426.8
1070,2016,188,7/6,815,24.33,24.54,26.59,24.43,24.3,79.8,427.3
1071,2016,188,7/6,830,23.52,23.79,26.25,23.87,23.75,76.4,427.1
1072,2016,188,7/6,845,24.98,25.12,27.09,24.99,25.04,78.5,445.6
1073,2016,188,7/6,900,23.25,23.62,25.93,23.53,23.18,76.5,557.5
1074,2016,188,7/6,915,23.94,24.38,26.89,24.37,24.44,75,675.8
1075,2016,188,7/6,930,24.18,24.28,26.15,24.42,24.17,78.9,695.3
1076,2016,188,7/6,945,18.86,19.38,21.15,19.97,18.85,69.21,679.3
1077,2016,188,7/6,1000,14.56,15.1,17,15.8,13.72,64.25,657.4
1078,2016,188,7/6,1015,14.89,15.19,16.46,15.71,14.06,72.6,638.9
1079,2016,188,7/6,1030,14.79,15.03,16.12,15.5,14.08,76.7,619.8
1080,2016,188,7/6,1045,14.44,14.7,15.71,15.09,13.92,78.5,602.9
1081,2016,188,7/6,1100,14.54,14.76,15.65,15.11,14.11,80.6,587.8
1082,2016,188,7/6,1115,14.75,14.95,15.69,15.24,14.44,82.1,577.5
1083,2016,188,7/6,1130,15.09,15.24,15.81,15.44,14.84,84.2,568.3
1084,2016,188,7/6,1145,15.11,15.16,15.61,15.36,14.52,85.2,558.2
1085,2016,188,7/6,1200,14.58,14.72,15.28,14.93,14.19,84.1,549.5
1086,2016,188,7/6,1215,14.62,14.76,15.31,14.96,14.29,84.4,541.9
1087,2016,188,7/6,1230,14.88,15,15.47,15.18,14.63,84.9,532.4
1088,2016,188,7/6,1245,14.88,15.01,15.4,15.19,14.63,85.1,536
1089,2016,188,7/6,1300,15.3,15.35,15.6,15.6,14.84,87.3,526.5
1090,2016,188,7/6,1315,14.61,14.73,15.12,14.94,14.19,85.2,519.7
1091,2016,188,7/6,1330,14.56,14.72,15.13,14.89,14.25,85.1,513.5
1092,2016,188,7/6,1345,14.81,14.96,15.31,15.13,14.57,85.8,508.4
1093,2016,188,7/6,1400,14.94,15.08,15.39,15.24,14.76,86.2,504.1
1094,2016,188,7/6,1415,15.24,15.3,15.49,15.53,14.79,87.7,500.1
1095,2016,188,7/6,1430,14.65,14.77,15.1,14.97,14.22,86,497.8
1096,2016,188,7/6,1445,14.62,14.78,15.14,14.95,14.3,85.8,495.4
1097,2016,188,7/6,1500,14.7,14.85,15.2,15.01,14.43,85.9,494.1
1098,2016,188,7/6,1515,14.88,15.03,15.33,15.19,14.71,86.2,491.4
1099,2016,188,7/6,1530,15.8,15.71,16.12,16.19,15.16,88.2,485.1
1100,2016,188,7/6,1545,17.87,17.79,19.66,17.99,17.94,87.2,463.8
1101,2016,188,7/6,1600,19.13,19.11,21.01,19.22,19.38,86.3,465
1102,2016,188,7/6,1615,20.28,20.23,22.2,20.39,20.62,84,463.9
1103,2016,188,7/6,1630,21.31,21.27,23.29,21.47,21.72,81.7,461.7
1104,2016,188,7/6,1645,22.25,22.22,24.32,22.46,22.76,79.8,460.7
1105,2016,188,7/6,1700,23.15,23.09,25.28,23.4,23.72,78,458.6
1106,2016,188,7/6,1715,23.97,23.96,26.17,24.28,24.6,76.5,456.7
1107,2016,188,7/6,1730,22.52,22.73,25.16,22.94,22.87,78.5,455.7
1108,2016,188,7/6,1745,23.43,23.58,25.95,23.79,24.12,77.4,455.2
1109,2016,188,7/6,1800,23.24,23.32,25.6,23.54,23.29,81,451.3
1110,2016,188,7/6,1815,22.79,23.04,25.44,23.21,23.08,78.6,446.1
1111,2016,188,7/6,1830,23.98,24.09,26.29,24.24,24.36,81.9,443.8
1112,2016,188,7/6,1845,22.63,22.91,25.25,23.06,22.71,80.8,441.2
1113,2016,188,7/6,1900,23.17,23.44,25.78,23.58,23.59,80.1,439.6
1114,2016,188,7/6,1915,23.73,23.89,26.06,24.03,23.86,83.4,438.2
1115,2016,188,7/6,1930,22.65,23.05,25.37,23.15,22.92,80.6,436.8
1116,2016,188,7/6,1945,23.55,23.86,26.12,23.93,24.12,81.9,435.8
1117,2016,188,7/6,2000,23.34,23.61,25.8,23.74,23.35,83.5,434.9
1118,2016,188,7/6,2015,22.78,23.19,25.5,23.28,23.08,80.8,433.4
1119,2016,188,7/6,2030,23.98,24.23,26.39,24.3,24.4,83.5,431.1
1120,2016,188,7/6,2045,22.76,23.14,25.42,23.25,22.85,82,425.8
1121,2016,188,7/6,2100,23.03,23.44,25.72,23.51,23.44,81,420.9
1122,2016,188,7/6,2115,23.73,23.97,26.1,24.07,23.89,84.1,417.2
1123,2016,188,7/6,2130,22.68,23.14,25.43,23.2,22.97,81,414.8
1124,2016,188,7/6,2145,23.8,24.11,26.3,24.15,24.33,82.9,413.2
1125,2016,188,7/6,2200,22.92,23.31,25.5,23.38,22.95,82.8,412.5
1126,2016,188,7/6,2215,23.03,23.46,25.73,23.52,23.43,81.2,412.1
1127,2016,188,7/6,2230,23.9,24.15,26.27,24.24,24.14,84.2,412.5
1128,2016,188,7/6,2245,22.6,23.07,25.36,23.11,22.84,81.2,411.7
1129,2016,188,7/6,2300,23.43,23.82,26.05,23.84,23.99,81.8,410.2
1130,2016,188,7/6,2315,23.26,23.57,25.73,23.66,23.26,83.8,408
1131,2016,188,7/6,2330,22.93,23.36,25.65,23.41,23.28,81,407.4
1132,2016,188,7/6,2345,24,24.26,26.39,24.33,24.34,83.8,407
1133,2016,189,7/7,0,22.48,22.96,25.23,22.99,22.66,81.3,406.3
1134,2016,189,7/7,15,23.43,23.81,26.07,23.84,24,81.4,406.7
1135,2016,189,7/7,30,23.27,23.56,25.74,23.64,23.26,83.6,407.7
1136,2016,189,7/7,45,22.92,23.36,25.64,23.39,23.26,80.7,408.4
1137,2016,189,7/7,100,23.87,24.12,26.25,24.18,24.11,83.9,409.1
1138,2016,189,7/7,115,22.57,23.01,25.33,23.04,22.77,80.8,409.9
1139,2016,189,7/7,130,23.87,24.17,26.35,24.19,24.4,82.5,410
1140,2016,189,7/7,145,22.71,23.08,25.32,23.14,22.67,82.2,409.4
1141,2016,189,7/7,200,23.25,23.63,25.91,23.65,23.72,80.7,408.8
1142,2016,189,7/7,215,23.45,23.7,25.87,23.77,23.5,83.8,408.4
1143,2016,189,7/7,230,22.85,23.25,25.57,23.29,23.15,80.3,408.6
1144,2016,189,7/7,245,23.91,24.12,26.26,24.19,24.14,83.7,409.5
1145,2016,189,7/7,300,22.62,23.04,25.35,23.06,22.8,80.7,410
1146,2016,189,7/7,315,23.91,24.17,26.38,24.2,24.42,82.2,410.5
1147,2016,189,7/7,330,22.69,23.05,25.31,23.09,22.62,82,411.2
1148,2016,189,7/7,345,23.29,23.65,25.93,23.67,23.76,80.4,411.5
1149,2016,189,7/7,400,23.37,23.62,25.78,23.67,23.37,83.5,412.6
1150,2016,189,7/7,415,23.01,23.32,25.66,23.36,23.25,80.2,412.9
1151,2016,189,7/7,430,23.92,24.1,26.22,24.14,24.1,83.5,413.4
1152,2016,189,7/7,445,22.68,23.04,25.36,23.05,22.8,80.5,414.2
1153,2016,189,7/7,500,24.05,24.26,26.44,24.28,24.49,82.2,414.5
1154,2016,189,7/7,515,22.62,22.95,25.2,22.97,22.5,81.5,415.1
1155,2016,189,7/7,530,23.51,23.8,26.05,23.79,23.98,80.5,415.5
1156,2016,189,7/7,545,23.24,23.46,25.64,23.5,23.11,83.2,415.7
1157,2016,189,7/7,600,23.17,23.47,25.76,23.49,23.47,79.8,415.2
1158,2016,189,7/7,615,23.66,23.84,25.97,23.87,23.69,83.5,414.6
1159,2016,189,7/7,630,23.03,23.35,25.64,23.36,23.22,80.2,413.4
1160,2016,189,7/7,645,24.16,24.28,26.39,24.33,24.34,83.2,411.5
1161,2016,189,7/7,700,22.74,23.09,25.37,23.08,22.81,81,408.5
1162,2016,189,7/7,715,23.59,23.86,26.09,23.86,24.01,80.8,405.8
1163,2016,189,7/7,730,23.45,23.65,25.8,23.69,23.32,83.4,404.5
1164,2016,189,7/7,745,23.1,23.42,25.7,23.43,23.31,80.3,402.8
1165,2016,189,7/7,800,24.01,24.15,26.26,24.19,24.11,83.8,403.3
1166,2016,189,7/7,815,22.79,23.15,25.44,23.14,22.9,80.7,404.3
1167,2016,189,7/7,830,24.12,24.31,26.46,24.32,24.5,82.7,405.1
1168,2016,189,7/7,845,22.96,23.31,25.46,23.28,22.86,81.9,409.5
1169,2016,189,7/7,900,23.41,23.78,26.04,23.69,23.69,80.7,427.2
1170,2016,189,7/7,915,24.45,24.53,26.85,24.42,24.32,83.2,558
1171,2016,189,7/7,930,23.1,23.71,25.5,23.35,23.15,80.7,687.7
1172,2016,189,7/7,945,21.31,21.59,22.48,22.12,21.33,79.7,705
1173,2016,189,7/7,1000,15.17,15.47,17.07,16.67,14.26,68.89,680.9
1174,2016,189,7/7,1015,14.35,14.55,15.72,15.28,13.11,73.4,659.4
1175,2016,189,7/7,1030,14.55,14.8,15.73,15.4,13.92,77.9,638.6
1176,2016,189,7/7,1045,14.63,14.88,15.65,15.35,14.1,80.6,621.6
1177,2016,189,7/7,1100,14.99,15.22,15.79,15.55,14.57,82.9,606.8
1178,2016,189,7/7,1115,15.08,15.35,15.79,15.62,14.69,84.9,594.7
1179,2016,189,7/7,1130,15.08,15.31,15.6,15.51,14.4,86.1,576.7
1180,2016,189,7/7,1145,14.48,14.71,15.19,15.04,14.05,84.7,559.2
1181,2016,189,7/7,1200,14.75,14.99,15.38,15.26,14.38,85.6,544.4
1182,2016,189,7/7,1215,14.97,15.21,15.52,15.45,14.73,86.3,538
1183,2016,189,7/7,1230,15.37,15.6,15.76,15.73,14.93,88.2,537.2
1184,2016,189,7/7,1245,14.97,15.2,15.44,15.45,14.43,87.1,525.8
1185,2016,189,7/7,1300,14.64,14.89,15.26,15.02,14.25,86.4,519.3
1186,2016,189,7/7,1315,14.71,14.95,15.31,15.1,14.35,86.5,519.8
1187,2016,189,7/7,1330,14.85,15.09,15.42,15.22,14.57,86.7,520.2
1188,2016,189,7/7,1345,15.26,15.53,15.71,15.61,14.99,88.3,520.9
1189,2016,189,7/7,1400,14.86,15.09,15.33,15.22,14.31,87.6,520.5
1190,2016,189,7/7,1415,14.66,14.9,15.25,15.05,14.31,86.7,520.2
1191,2016,189,7/7,1430,14.65,14.91,15.25,15.05,14.34,86.4,517.3
1192,2016,189,7/7,1445,14.94,15.2,15.48,15.34,14.75,87.1,517.6
1193,2016,189,7/7,1500,15.2,15.46,15.65,15.58,14.89,88.3,519.9
1194,2016,189,7/7,1515,14.94,15.17,15.39,15.31,14.42,87.7,522.2
1195,2016,189,7/7,1530,14.82,15.06,15.63,15.31,14.37,86.6,521.9
1196,2016,189,7/7,1545,17.55,17.87,19.41,17.75,17.65,88.2,489.7
1197,2016,189,7/7,1600,18.89,19.18,20.8,18.98,19.18,87.7,491.7
1198,2016,189,7/7,1615,20.09,20.38,22.02,20.15,20.47,85.9,491.9
1199,2016,189,7/7,1630,21.18,21.48,23.13,21.24,21.64,83.7,493.5
1200,2016,189,7/7,1645,22.18,22.5,24.18,22.26,22.71,81.7,493.5
1201,2016,189,7/7,1700,23.13,23.46,25.16,23.22,23.69,79.9,494.1
1202,2016,189,7/7,1715,24.02,24.36,26.07,24.11,24.6,78.4,493.7
1203,2016,189,7/7,1730,22.86,23.27,25.43,23.26,23.34,78.9,494.1
1204,2016,189,7/7,1745,23.8,24.16,26.16,24.05,24.49,79.9,494.1
1205,2016,189,7/7,1800,23.26,23.59,25.64,23.55,23.37,81.4,492.9
1206,2016,189,7/7,1815,23.07,23.42,25.65,23.46,23.48,79.4,491.9
1207,2016,189,7/7,1830,23.9,24.25,26.28,24.18,24.44,81.6,490
1208,2016,189,7/7,1845,23.22,23.54,25.66,23.57,23.29,81.4,487.1
1209,2016,189,7/7,1900,23.15,23.5,25.74,23.57,23.51,80.3,483.9
1210,2016,189,7/7,1915,23.54,23.88,26.07,23.91,24.03,81,480.9
1211,2016,189,7/7,1930,23.94,24.27,26.27,24.21,24.1,82.7,478
1212,2016,189,7/7,1945,22.9,23.25,25.54,23.36,23.15,80.3,474.7
1213,2016,189,7/7,2000,23.23,23.59,25.87,23.67,23.65,80.2,471.7
1214,2016,189,7/7,2015,23.91,24.26,26.33,24.23,24.36,82.1,470.4
1215,2016,189,7/7,2030,23.14,23.47,25.66,23.53,23.21,81.1,467.2
1216,2016,189,7/7,2045,23.08,23.43,25.76,23.54,23.45,80,464.8
1217,2016,189,7/7,2100,23.77,24.13,26.29,24.13,24.31,81.6,463
1218,2016,189,7/7,2115,23.47,23.79,25.9,23.8,23.47,82.2,460.8
1219,2016,189,7/7,2130,23.04,23.39,25.73,23.5,23.36,80.4,459.3
1220,2016,189,7/7,2145,23.59,23.93,26.16,23.97,24.11,81.1,458.6
1221,2016,189,7/7,2200,23.81,24.13,26.15,24.09,23.87,83,459.4
1222,2016,189,7/7,2215,23.02,23.36,25.69,23.47,23.3,80.8,459.1
1223,2016,189,7/7,2230,23.48,23.81,26.07,23.86,23.92,81.2,458.6
1224,2016,189,7/7,2245,24.01,24.32,26.3,24.26,24.13,83.4,457.2
1225,2016,189,7/7,2300,22.94,23.28,25.61,23.39,23.19,80.8,454.5
1226,2016,189,7/7,2315,23.4,23.73,25.99,23.8,23.82,81.1,453.6
1227,2016,189,7/7,2330,24.08,24.38,26.33,24.31,24.22,83.6,453.5
1228,2016,189,7/7,2345,22.9,23.25,25.57,23.35,23.15,80.9,453.5